{
	"bada": "貝員",
	"banye": "貝角",
	"bata": "貝怠",
	"bazìda": "貝送係",
	"baerere": "貝e捧捧",
	"ba": [
		"真",
		"貝",
		"和"
	],
	"baaba": "真真",
	"baaha": "貝名",
	"baerere": "真唆",
	"bauru": "真誕",
	"bansi": "貝n隙",
	"baṃba": "和ṃ和",
	"baṃba": "和硝",
	"baoyi": "貝挙",
	"be": [
		"裾",
		"緻"
	],
	"be": [
		"裾",
		"干"
	],
	"befu": "裾階",
	"bì": [
		"韻",
		"歳",
		"原",
		"塊",
		"剁"
	],
	"bìchi": "剁襟",
	"bìchi": "剁司",
	"bìfuta": "原階怠",
	"bìkota": "剁歌怠",
	"bìli": "右結",
	"bìnye": "歳角",
	"bìnyeego": "歳角架",
	"bìrì": "酷",
	"bìrìbìrì": "酷酷",
	"bìriri": "剁riri",
	"bìteaka": "剁査雇",
	"bìwa": [
		"塊胃",
		"韻胃"
	],
	"bìa": "宇",
	"bìakpu": "宇晴",
	"bìaka": "塊稼",
	"bìakota": "宇歌怠",
	"bìanje": "宇n換",
	"bìe": "韻e",
	"bìego": "歳架",
	"bìeìkpe": "韻e装",
	"bìokwu": "韻依",
	"bìugwu": "韻忠",
	"bido": "右",
	"bidowaria": "右w壌",
	"biko": "下",
	"bo": "誤",
	"bo": "阻",
	"borizìṃ": "bori送ṃ",
	"bowaria": "阻w壌",
	"boibu": "阻i穫",
	"bu": [
		"看",
		"穫"
	],
	"buga": "穫火",
	"buli": "穫結",
	"bunye": "穫角",
	"bunyeuche": "穫角虞",
	"buteaka": "穫査雇",
	"buibu": "看i看",
	"buibu": "穫i穫",
	"buuzo": "穫畏",
	"buda": "穫員",
	"buobo": "穫o阻",
	"bo": [
		"辞",
		"繕",
		"基",
		"阻"
	],
	"bu": [
		"映",
		"b障",
		"郷",
		"蛍",
		"b襲",
		"訓",
		"傘"
	],
	"buasu": "b襲却",
	"buonu": [
		"b襲口",
		"b障口"
	],
	"chup": "aga",
	"cha": [
		"沙",
		"酸",
		"考",
		"江",
		"綺",
		"選",
		"差"
	],
	"chafu": "差階",
	"chakpuoanya": "差晴o目",
	"chauzo": "江畏",
	"che": [
		"等",
		"崖"
	],
	"chegbu": "崖恩",
	"chekwube": "ch心",
	"chewa": "崖wa",
	"che": "害",
	"chedo": "害災",
	"chefu": "崖鏡",
	"chegbo": "害誤",
	"chezo": "崖z鏡",
	"chì": [
		"ch探",
		"ch綺",
		"ch誤",
		"刹"
	],
	"chi": [
		"鼓",
		"沼",
		"厚",
		"襟",
		"魂"
	],
	"chijì": "鼓職",
	"chinya": "鼓脅",
	"chineke": "魂枝",
	"chianya": "襟目",
	"chiochi": "沼o沼",
	"chiokìke": "魂o枝",
	"chiukwu": "魂大",
	"chiukwuokìke": "魂大o枝",
	"chinkwu": "沼棋",
	"chinti": "襟規",
	"chiozo": "襟撃窟",
	"chu": "ch詳",
	"chu": "績",
	"chuuchu": "績u績",
	"chi": [
		"効",
		"禍",
		"司",
		"ch釜",
		"醸"
	],
	"chigbu": "司恩",
	"chiko": "厚歌",
	"chikota": "厚歌怠",
	"chiri": "厚ri",
	"chinchi": "ch砕",
	"chiṃ": "襟ṃ",
	"chiochi": "効o効",
	"cho": "要",
	"chofuta": "要階怠",
	"chookwu": "要依",
	"chomma": "要m煙",
	"chu": "言",
	"chufu": "言階",
	"chugbu": "言恩",
	"chunwaạnyi": "言子女",
	"chunta": "言軌",
	"chumiri": "言水",
	"da": "員",
	"dachi": "員襟",
	"dade": "員豪",
	"dado": "員災",
	"dagbu": "員恩",
	"dajuobu": "員息心",
	"dakpu": "員晴",
	"daka": "員謁",
	"dakasi": "員謁si",
	"dako": "員歌",
	"danye": "員角",
	"daogbì": "員拓",
	"da": "喝",
	"daa": [
		"賊",
		"係"
	],
	"daaluu": "喝奥",
	"daba": "員貝",
	"dabere": "員bere",
	"daeme": "喝宛壊",
	"dafu": "員階",
	"daju": "員潟",
	"dajuu": "員息",
	"damazìṃ": "dama送ṃ",
	"daeje": "喝宛換",
	"daiberibe": "員術",
	"daowu": "員創",
	"danda": "d蟻",
	"de": [
		"縦",
		"肖"
	],
	"dee": "属",
	"deede": "属属",
	"deennya": "属n遇",
	"dega": "肝火",
	"desa": "縦糸",
	"de": [
		"豪",
		"神",
		"晶",
		"肝"
	],
	"debanye": "肝貝角",
	"debere": "晶裾re",
	"debereokwu": "晶裾re依",
	"debe": "豪be",
	"dega": "肝火",
	"delie": [
		"肝lie",
		"豪lie"
	],
	"detu": "肝額",
	"deurì": "肝縄",
	"dì": "脚",
	"dìteli": "脚teli",
	"di": [
		"忌",
		"情",
		"閲"
	],
	"dina": "閑",
	"dinaaba": "閑慶",
	"diri": "情ri",
	"diala": "忌土",
	"dianu": "忌嵐",
	"dingbee": "閲n己",
	"dimba": "忌桜",
	"diṃgba": "忌苦",
	"diṃkpa": "騒",
	"diogwu": "忌巻",
	"diokpara": "忌渇",
	"dioka": "忌柵",
	"diokammuta": "忌撃柵m黄",
	"diokammutamadu": "忌撃柵m黄人",
	"diokammutaagbo": "忌撃柵m黄克",
	"diokammutaahundu": "忌撃柵m黄頑艶",
	"diokammutaahunduogba": "忌撃柵m黄頑艶持",
	"diokammutauche": "忌撃柵m黄虞",
	"diokammutaucheebo": "忌撃柵m黄虞刷",
	"do": "災",
	"dochì": "災襟",
	"dolìe": "災結e",
	"doli": "災悔",
	"dooro": "災ro",
	"dozi": [
		"豪",
		"災向"
	],
	"dozimaria": "豪煙ria",
	"dozo": "災窟",
	"do": [
		"d洪",
		"俗"
	],
	"doma": "災m煙",
	"duṃ": "遷",
	"du": "及",
	"duba": "及貝",
	"dufu": "及階",
	"dugwa": "及僅",
	"dula": "及机",
	"di": "延",
	"dichi": "延襟",
	"dika": "延韓",
	"dinaazu": "延営暇",
	"dinamma": "延営m肢",
	"diri": "延ri",
	"diiche": "延京",
	"diobì": "延心",
	"dindu": "延艶",
	"dimbu": "延m郷",
	"dimma": "延m肢",
	"do": "急",
	"doba": "急貝",
	"dofu": "急階",
	"doka": "急謁",
	"dola": "急机",
	"dozìṃ": "do送ṃ",
	"douche": "急虞",
	"du": [
		"d総",
		"収",
		"対"
	],
	"dugbu": "収恩",
	"dugbuoyi": "収恩苛",
	"dugbuoku": "収恩遠",
	"duaka": "収稼",
	"duokìke": "収o枝",
	"duuche": "収虞",
	"dunkì": "収縄収",
	"duoku": "収遠",
	"fa": "岐",
	"fachi": "岐襟",
	"faaka": "岐稼",
	"faeze": "岐骸",
	"fe": [
		"鹿",
		"恨",
		"轄"
	],
	"feje": "轄換",
	"fete": "轄査",
	"fe": "均",
	"fefe": "均轄",
	"fefu": [
		"轄階",
		"均階"
	],
	"fefuihnye": "轄階偉",
	"feha": "均策",
	"feli": "均結",
	"feliobì": "均結心",
	"fìe": "異u",
	"fìeuzo": "曽畏",
	"fo": "f茎",
	"fu": "鏡",
	"furezìṃ": "fure送ṃ",
	"fuuzo": "鏡畏",
	"fi": "触",
	"fo": "群",
	"fomizìṃ": "fomi送ṃ",
	"foro": "群ro",
	"fu": [
		"触",
		"汗",
		"階"
	],
	"futara": "階怠ra",
	"futa": "階怠",
	"fuekpo": "階瀬",
	"fuero": "階e堆",
	"fuuzo": "階畏",
	"gba": [
		"佐",
		"疫"
	],
	"gbachi": "碁襟",
	"gbaji": "左折",
	"gbako": [
		"疫歌",
		"互歌"
	],
	"gbanye": [
		"碁角",
		"碁nye",
		"鶏角"
	],
	"gbanyu": "碁曹",
	"gbanyuo": "碁曹o",
	"gbara": "疫前",
	"gbasa": "観",
	"gbasara": "観ra",
	"gbaaria": "互a壌",
	"gbaṃ": "崇",
	"gba": [
		"鶏",
		"契",
		"箋",
		"左",
		"互",
		"碁"
	],
	"gbabì": "左韻",
	"gbada": [
		"互員",
		"互告",
		"箋員"
	],
	"gbado": "鶏災",
	"gbaduoku": "箋収遠",
	"gbafe": "互轄",
	"gbafu": "互鏡",
	"gbafu": "互階",
	"gbagha": "宿",
	"gbaghara": "宿ra",
	"gbaghe": "碁故",
	"gbaga": "碁火",
	"gbaje": "互換",
	"gbaju": "鶏埋",
	"gbakwu": "疫衛",
	"gbaka": "左謁",
	"gbalì": "gb脚",
	"gbanwe": "碁nwe",
	"gbape": "碁偶",
	"gbasa": "碁憬",
	"gbawa": [
		"碁胃",
		"左胃"
	],
	"gbaza": "互za",
	"gbazi": "鶏向",
	"gbaabu": "鶏紙",
	"gbaafa": "碁贈",
	"gbaahia": "碁宜",
	"gbaakwukwo": "互間",
	"gbaaka": [
		"鶏稼",
		"碁稼"
	],
	"gbaakaekpe": "互稼伎",
	"gbaakanwa": "鶏稼子",
	"gbaakanri": "互稼猿",
	"gbaakaoruu": "鶏稼o奥",
	"gbaegwu": "互易",
	"gbaìsì": "碁辱",
	"gbaohu": "碁唄",
	"gbauri": "互操",
	"gbankwa": "互懐",
	"gbankwu": "鶏棋",
	"gbankwunwaạnyi": "鶏棋子女",
	"gbamgbo": "互丘",
	"gbamiri": "鶏水",
	"gbaṃgbo": "互丘",
	"gbaihnye": "鶏偉",
	"gbaiho": "碁台錦",
	"gbaobara": "左話",
	"gbaogwu": "箋巻",
	"gbaoku": "左遠",
	"gbaoto": "碁o斥",
	"gbauka": "碁頃",
	"gbe": "己",
	"gbe": [
		"際",
		"gb喉"
	],
	"gbo": "誤",
	"gbochi": "誤襟",
	"gbochie": "誤襟e",
	"gboo": "甲",
	"gbu": [
		"gb照",
		"青",
		"恩"
	],
	"gbubì": "青韻",
	"gbubìga": "恩韻火",
	"gbucha": "恩選",
	"gbufu": "青階",
	"gbufuisi": "青階簡",
	"gbugbe": "青際",
	"gbuji": "青折",
	"gbuju": "恩潟",
	"gbuke": "gb照椅",
	"gbumadu": "恩人",
	"gbumì": "青琴",
	"gbunyu": "恩曹",
	"gburrì": "青概",
	"gburu": [
		"壌",
		"壌壌"
	],
	"gbutu": "青額",
	"gbuwa": "青胃",
	"gbuaku": "青成",
	"gbuanu": "青尋",
	"gbuazu": "恩街",
	"gbuebenebe": "青漢干",
	"gbuikpere": "青錠",
	"gbuochi": "青o沼",
	"gbuopì": "青賢",
	"gbuoge": "恩潰",
	"gbuosisi": "青木",
	"gbuozu": "恩俺",
	"gbuudu": "青籍",
	"gbunkwu": "青棋",
	"gbunzo": "恩n雪",
	"gbumuoo": "恩霊",
	"gbuṃgbu": "恩ṃ恩",
	"gbuochu": "恩詣",
	"gbuuzo": "青畏",
	"gbinye": "鶏角",
	"gbo": [
		"襲",
		"弧",
		"秀"
	],
	"gboga": "弧火",
	"gboja": "弧茎",
	"gboncha": "秀飢",
	"gbooja": "弧撃茎",
	"gha": [
		"絞",
		"伸"
	],
	"ghaachi": "絞chi",
	"gha": [
		"硬",
		"策"
	],
	"gharaghara": "策ra策",
	"ghe": [
		"故",
		"挟"
	],
	"ghu": "gh絞",
	"ghi": "倉",
	"gho": [
		"遜",
		"刈",
		"gh挟"
	],
	"ghota": "gh挟怠",
	"ghoaghugho": "遜a遜遜",
	"ghoahia": "刈宜",
	"ghooghom": "刈o刈m",
	"gwa": [
		"高",
		"gw遭",
		"僅"
	],
	"gwe": [
		"消",
		"相"
	],
	"gwu": [
		"昇",
		"伺",
		"録"
	],
	"gwuegwu": "伺e伺",
	"gwumiri": "昇水",
	"gwu": "承",
	"gwuji": "承毀",
	"gwo": [
		"惧",
		"招"
	],
	"gwu": "強",
	"gwuike": "強果",
	"ga": [
		"啓",
		"括",
		"助"
	],
	"gazi": "火向",
	"gai": "啓台",
	"ga": [
		"庫",
		"火",
		"掴"
	],
	"gaala": "火la",
	"gafe": "火轄",
	"gaje": "火換",
	"gakwu": "火衛",
	"ganye": "火nye",
	"gaakwukwo": "火葉",
	"gaaria": [
		"火a壌",
		"n火a壌n"
	],
	"gedege": "素e",
	"gide": "掴豪",
	"ginìajiuwa": "ginì単世",
	"go": "測",
	"gogoro": "測測ro",
	"gongo": "測船",
	"gạ": "責",
	"gạmbo": "責声",
	"gi": "佳",
	"ginwạ": "佳怠",
	"gini": "滑",
	"go": [
		"再",
		"岳",
		"呪"
	],
	"gogbu": "呪恩",
	"gosi": "徐",
	"gozi": "岳向",
	"gu": [
		"斤",
		"序",
		"知",
		"感"
	],
	"guda": "感員",
	"guguo": [
		"g症",
		"知知o"
	],
	"guaha": "斤名",
	"guakwa": "序a該",
	"guakwukwo": "感葉",
	"ha": [
		"奏",
		"挫",
		"譲",
		"束",
		"捨",
		"循"
	],
	"haka": "奏柵",
	"hakota": "奏歌怠",
	"hato": "捨乗",
	"hazì": "挫送",
	"hazi": "奏向",
	"haaka": "捨稼",
	"hanha": "束n束",
	"ha": [
		"h送",
		"凶"
	],
	"hafu": "捨階",
	"hama": "凶肩",
	"hamaabuo": "凶肩二",
	"hamaato": "凶肩三",
	"hanwạ": "凶怠",
	"haniile": "凶選峡",
	"hazìṃ": "ha送ṃ",
	"hanra": "捨n院",
	"he": "足",
	"hee": "凶ee",
	"hì": [
		"須",
		"曽",
		"如",
		"璽",
		"象"
	],
	"hìcha": "璽綺",
	"hìgba": "象佐",
	"hìkwa": "象餌",
	"hìkozi": "如歌送",
	"hìzi": "如送",
	"hìenkwu": "如e奇",
	"hìne": "須裁",
	"hi": "冠",
	"hichafu": "璽綺階",
	"hiakpa": "須akp看",
	"hu": "争",
	"hube": "争be",
	"hubeisi": "争be簡",
	"hukpudo": "争晴災",
	"hulata": "争lata",
	"hurupu": "争ru階",
	"huru": "争ru",
	"huruala": "争ru土",
	"huwe": "争we",
	"huarusi": "争顧",
	"huekpe": "争匠",
	"huuru": "争短",
	"huṃbì": "争ṃ剁",
	"hi": [
		"垂",
		"走",
		"吹",
		"滋",
		"磁"
	],
	"higbu": "走恩",
	"hisa": "走糸",
	"hiume": "走憎",
	"ho": "錦",
	"hochiri": "錦厚ri",
	"hu": [
		"随",
		"見"
	],
	"huu": "穂",
	"ja": "茎",
	"je": [
		"換",
		"敢",
		"j汚"
	],
	"jegbu": "j汚恩",
	"jehovaamajehova": "腎",
	"jefìeuzo": "換曽畏",
	"jegha": "換策",
	"jekwu": "換衛",
	"jenkeoma": "換外o肢",
	"jeoyi": "換挙",
	"jì": "職",
	"jìde": "議豪",
	"jìfuaka": "議階稼",
	"jìke": "増",
	"jìko": "議歌",
	"jìkoaka": "議歌稼",
	"jìsi": "議横",
	"jìsiike": "議横果",
	"jìaka": "議稼",
	"jìugwo": "議刊",
	"ji": [
		"毀",
		"折",
		"議"
	],
	"jigbo": "毀gb小",
	"jiabana": "毀師",
	"jiakpu": "毀小",
	"jionwe": "議自",
	"jiogu": "議続",
	"jioko": "毀o挑",
	"ju": "埋",
	"juafo": "埋袖",
	"juanya": "埋目",
	"juonu": "埋口",
	"jo": "誇",
	"joka": "誇環",
	"jokaahu": "誇環頑",
	"ju": [
		"絵",
		"細",
		"息",
		"潟"
	],
	"juese": "絵殴",
	"juoyi": "細苛",
	"juonzu": "潟o悦",
	"kpa": "飼",
	"kpagbu": "飼恩",
	"kpako": "飼歌",
	"kpakochiukwu": "飼歌醸扱",
	"kpasu": "飾",
	"kpa": [
		"kp韻",
		"乱",
		"推",
		"岸"
	],
	"kpachaanya": "kp韻cha目",
	"kpadu": "乱階",
	"kpafu": "乱階",
	"kpagozi": "推go送",
	"kpakpando": "拾拾",
	"kpakalaje": "乱ka机換",
	"kpakada": "推環員",
	"kpako": "乱歌",
	"kpanye": "乱角",
	"kpari": "諮",
	"kpaagwa": "乱綱",
	"kpaaa": "乱aa",
	"kpaaghara": "乱握",
	"kpaaria": "乱a壌",
	"kpandu": "乱n及",
	"kpankata": "推n器怠",
	"kpanganga": "乱吉吉",
	"kpantìrì": "客n酬",
	"kpe": "婿",
	"kpenya": "婿炊",
	"kpeza": "婿勾",
	"kpeoku": "婿遠",
	"kpe": [
		"匠",
		"kp遇",
		"kp裾",
		"則"
	],
	"kpebìe": "匠韻e",
	"kpesa": "kp裾糸",
	"kpeazu": "kp遇暇",
	"kpìgbu": "済恩",
	"kpo": [
		"kp璽",
		"使"
	],
	"kpoko": "使歌",
	"kpu": [
		"晴",
		"斎"
	],
	"kpuchi": "晴襟",
	"kpuchianya": "晴襟目",
	"kpuisi": "晴簡",
	"kpo": [
		"繰",
		"狭",
		"憾",
		"愚",
		"極"
	],
	"kpoba": [
		"愚貝",
		"憾貝"
	],
	"kpobata": [
		"憾貝怠",
		"愚貝怠"
	],
	"kpobaahia": "愚貝宜",
	"kpola": [
		"憾貝",
		"愚机"
	],
	"kpole": "kp梗",
	"kporghe": "繰枯",
	"kpote": "憾需",
	"kpoakakpo": "牙",
	"kpooku": "憾清",
	"kpooyi": "極苛",
	"kponka": "極n項",
	"kponku": "極洗",
	"kpookpukpu": "極官",
	"kpooku": "繰遠",
	"kpu": [
		"kp沼",
		"姓"
	],
	"kpufuta": "晴階怠",
	"kpunaonu": "kp沼口",
	"kpuìgodo": "姓萎",
	"kpuuzu": "姓打",
	"kweṃgbeṃ": "藻",
	"kwa": [
		"総",
		"餌"
	],
	"kwalìte": "餌結醜",
	"kwa": [
		"剛",
		"層",
		"堅",
		"禁",
		"遭",
		"該"
	],
	"kwaba": "禁貝",
	"kwafu": "禁階",
	"kwafudo": "禁階災",
	"kwako": "遭歌",
	"kwatu": "禁額",
	"kwaahia": "禁宜",
	"kwaiko": "剛雪",
	"kwaozu": "該俺",
	"kwaugwu": "遭淡",
	"kwangwo": "禁n惧",
	"kwaṃgbeṃ": "層解",
	"kwaogwo": "禁撃惧",
	"kwaubochi": "層凌",
	"kwauta": "該u樹",
	"kwe": [
		"仰",
		"身"
	],
	"kweba": "仰貝",
	"kwebaulo": "仰貝家",
	"kwenye": "仰角",
	"kwesi": "仰華ri",
	"kwesighi": "仰華倉",
	"kweta": "仰怠",
	"kwetaokwu": "仰怠依",
	"kwezo": "仰窟",
	"kweaka": "身稼",
	"kweukwe": "kw施u施",
	"kwenkwa": "仰n餌",
	"kweife": "仰台轄",
	"kwo": [
		"逮",
		"祭"
	],
	"kwoekworo": "逮e逮",
	"kwo": "祥",
	"kwu": [
		"脊",
		"勢"
	],
	"kwudiike": "鋭棺果",
	"kwusa": "鋭sa",
	"kwutere": "鋭tere",
	"kwu": [
		"鋭",
		"kw状",
		"衛"
	],
	"kwuda": "鋭員",
	"kwufu": "鋭階",
	"kwusìike": "鋭横果",
	"kwute": "鋭te",
	"kwuto": "鋭乗",
	"kwuwaonu": "鋭胃口",
	"kwo": [
		"迅",
		"訴",
		"町"
	],
	"kworo": "迅ro",
	"kwoaka": [
		"kwo稼",
		"訴稼"
	],
	"kwu": [
		"隅",
		"謹",
		"禅"
	],
	"kwufe": "謹均",
	"kwuachi": "禅a絞",
	"kwuaḥạ": "隅名",
	"kwuoto": "隅孔",
	"kwuudo": "謹u急",
	"ka": [
		"柵",
		"艦",
		"k胃",
		"器",
		"界",
		"謁",
		"区",
		"光",
		"韓"
	],
	"kachibo": "界鼓辞",
	"kagbuo": "謁恩o",
	"kase": "謁砂",
	"kawa": "柵胃",
	"kaomesia": "界激壊sia",
	"kama": "謁氏",
	"ka": [
		"英",
		"環",
		"項"
	],
	"kacha": "環選",
	"kachanjo": "環選n誇",
	"kachamma": "環選m肢",
	"kama": "環肢",
	"kamaalu": "畿",
	"kamuka": "環潜環",
	"kanwa": "k擦",
	"karaka": "環r環",
	"karanjo": "環ran誇",
	"kari": "環賛",
	"karirinjo": "環賛賛n誇",
	"kataobì": "環怠心",
	"kaahu": "環頑",
	"kaaaka": "環a環",
	"kaanya": "環目",
	"kaìwu": "器漁",
	"kailu": "環i款",
	"kaobì": "環心",
	"kanjo": "環n誇",
	"kanka": "項n項",
	"kama": "環m肢",
	"ke": [
		"傑",
		"乙",
		"k間",
		"捜"
	],
	"kechi": "乙襟",
	"kedu": "識",
	"kedo": "乙急",
	"kele": "液",
	"kenye": "捜角",
	"keta": "傑怠",
	"kezì": "捜送",
	"ke": [
		"k照",
		"胸",
		"椅",
		"廊"
	],
	"kefu": "傑階",
	"kekwanu": "廊遭nu",
	"keime": "乙妊",
	"keṃgbe": "胸解",
	"ki": "嗅",
	"kirie": "嗅rie",
	"ko": [
		"安",
		"擬"
	],
	"ku": [
		"券",
		"蓋",
		"彰"
	],
	"kuli": "券結",
	"kutu": "蓋額",
	"kuzi": [
		"蓋探",
		"蓋向"
	],
	"kikanda": "a柵柵n員a",
	"kiri": "熊",
	"kirikiri": "熊熊",
	"kita": "k係",
	"kitikpa": "喜",
	"ko": [
		"掠",
		"歯",
		"揮",
		"歌"
	],
	"kopuzìṃ": "kopu送ṃ",
	"koonu": "揮口",
	"ku": [
		"正",
		"昔"
	],
	"kufu": "正階",
	"kuji": "正折",
	"kukota": "正歌怠",
	"kuli": "正結",
	"kusi": "k己",
	"kuta": "正怠",
	"kuwa": "正胃",
	"kuaka": "正稼",
	"laje": "机換",
	"la": "机",
	"laba": "机貝",
	"ladi": "机閲",
	"lafu": "机階",
	"lafuobì": "机階心",
	"lakpu": "机晴",
	"laachi": "机a絞",
	"laelu": "机上",
	"laisi": "机簡",
	"laoge": "机潰",
	"le": "浪",
	"lekota": "浪歌怠",
	"leshìi": "浪shìi",
	"leanya": "浪目",
	"leba": "浪貝",
	"lebaanya": "浪貝目",
	"letu": "浪額",
	"lì": [
		"悔",
		"結"
	],
	"lìhi": "結hi",
	"lìte": "結醜",
	"lu": [
		"舟",
		"隻"
	],
	"lufu": "隻鏡",
	"luzo": "隻何",
	"lu": "款",
	"luilu": "款i款",
	"li": [
		"択",
		"錮"
	],
	"livazìṃ": "liva送ṃ",
	"lo": [
		"鐘",
		"祉"
	],
	"lohuo": "祉huo",
	"loachi": "祉a絞",
	"louwa": "祉世",
	"lu": [
		"寄",
		"完"
	],
	"luga": "寄ga",
	"lusuogu": "寄周召",
	"luogu": "寄召",
	"me": [
		"壊",
		"m塊"
	],
	"mebo": [
		"壊bo",
		"壊誤"
	],
	"mebo": "壊辞",
	"mecha": "壊選",
	"mechu": "壊ch詳",
	"mechuihnyu": "壊ch詳垣",
	"mefu": "壊階",
	"megai": "壊gai",
	"megbu": "壊恩",
	"megherie": "壊gherie",
	"mehìe": "壊須e",
	"mejo": "壊誇",
	"mekwe": "壊仰",
	"meka": "壊韓",
	"meka": "壊環",
	"mekari": "壊環ri",
	"mekarionwe": "壊環ri自",
	"meko": "壊歌",
	"mekota": "壊歌怠",
	"melìe": "壊結e",
	"meli": "壊結",
	"melite": "壊結醜",
	"menwa": "壊子",
	"menyu": "壊曹",
	"menaudo": "壊営去",
	"menauyi": "壊営u接",
	"merri": "壊概",
	"meru": "壊億",
	"meruahu": "壊億頑",
	"mesa": "m塊sa",
	"mesaojo": "壊sa卸",
	"mesiike": "壊横果",
	"mete": "壊需",
	"metizìṃ": "meti送ṃ",
	"metu": [
		"壊興",
		"m塊tu"
	],
	"metuonwe": "m塊tu自",
	"mezi": "壊向",
	"mezu": "壊堪",
	"menjo": "壊化",
	"mengara": "壊吉ra",
	"menganga": "壊吉吉",
	"menyi": "壊n接",
	"ma": [
		"丸",
		"肩",
		"雲",
		"浦",
		"臣"
	],
	"mahaduṃ": "丸h遷",
	"maka": "泳",
	"malite": "件結醜",
	"malie": "拳結e",
	"mana": [
		"臣畝",
		"雲畝",
		"浦畝"
	],
	"mata": "丸怠",
	"matu": "隔興",
	"mauma": "丸致",
	"ma": [
		"拳",
		"煙",
		"健",
		"肢",
		"隔",
		"信",
		"m霊",
		"件",
		"兼"
	],
	"maazi": "楼",
	"madu": "人",
	"mafu": "件階",
	"magha": "拳硬",
	"maja": "兼茎",
	"maji": [
		"件折",
		"拳毀"
	],
	"maka": "煙環",
	"masiri": "肢siri",
	"maabuba": "隔娯",
	"maagwa": "隔専",
	"maahu": "隔頑",
	"maatu": "件固",
	"maakpu": "拳升",
	"maakwa": "拳布",
	"maaka": "件稼",
	"maebube": "隔紳",
	"maìkpe": "隔装",
	"maìwu": "健漁",
	"maimi": "件臭",
	"maoyi": "隔苛",
	"mauzere": "件uz彰",
	"manjakiri": "隔紺",
	"mamma": [
		"煙m煙",
		"m肢m肢"
	],
	"mammanwaoke": "煙m煙子男",
	"mammanwaạnyi": "煙m煙子女",
	"mama": "隔氏",
	"mamiri": "宅",
	"maita": "件台樹",
	"maokwa": "健狙",
	"maora": "件詮",
	"mauma": [
		"件甚",
		"丸致"
	],
	"mauzo": "丸畏",
	"me": "偶",
	"mechi": "偶襟",
	"meghe": "偶故",
	"mepe": "偶偶",
	"mepo": "偶po",
	"meozume": "激酵",
	"mebì": "死",
	"mì": "琴",
	"mìomìmì": "琴o琴琴",
	"mi": [
		"試",
		"尊",
		"嗣",
		"詩"
	],
	"mifu": "詩階",
	"miiyì": "mi候",
	"mimkpuru": "詩画",
	"mionu": "試口",
	"mu": [
		"格",
		"志",
		"黄",
		"花",
		"潜",
		"銭"
	],
	"muemu": "志e志",
	"muke": [
		"潜椅",
		"潜k照"
	],
	"munwạ": "花怠",
	"munagi": "花畝佳",
	"musi": "格si",
	"muta": "黄怠",
	"muamu": "志a志",
	"muanya": "銭目",
	"nwe": "禾",
	"nwetaonwe": "禾怠自",
	"nwetaobì": "禾怠心",
	"nweebube": "禾紳",
	"nweike": "禾果",
	"nweikei": "禾果台",
	"nweuche": "禾虞",
	"nwa": [
		"nw育",
		"子"
	],
	"nwabekee": "子bekee",
	"nwakanwa": "子擦",
	"nwamadu": "子人",
	"nwanwaoke": "子子男",
	"nwanwaạnyi": "子子女",
	"nwanyo": "驚",
	"nwasiisii": "子s休休",
	"nwata": "究",
	"nwatakiri": "究熊",
	"nwaada": "子割",
	"nwaaka": "子牙",
	"nwaajuju": "子a絵",
	"nwaaturuu": "子菌",
	"nwaehi": "子賀",
	"nwaenete": "子巣",
	"nwaìcheku": "子詳",
	"nwaoke": "子鼠",
	"nwaogbenye": "子o渓",
	"nwaoke": "子男",
	"nwaoko": "子奴",
	"nwaunyì": "子u詳",
	"nwanduoku": "子n収遠",
	"nwane": "子温",
	"nwanenwaoke": "子温子男",
	"nwanenwaạnyi": "子温子女",
	"nwaneafo": "子温袖",
	"nwaneechi": "子温患",
	"nwanta": "子掘",
	"nwanzu": "子悦",
	"nwana": "子穏",
	"nwangajì": "子雌",
	"nwamba": "子乾",
	"nwamuoo": "子霊",
	"nwaṃkpaaku": "子ṃ客圧",
	"nwaṃkpi": "子耳",
	"nwaạnyi": "子女",
	"nwaạnyiaga": "子女楷",
	"nwaạnyiafoime": "子女袖妊",
	"nwaiba": "子除",
	"nwaodum": "子郡",
	"nwaoyi": "子挙",
	"nwauwa": "子世",
	"nwinye": "円",
	"nwo": [
		"永",
		"減"
	],
	"nwu": [
		"照",
		"競"
	],
	"nwute": "競醜",
	"nwuoku": "照遠",
	"nwạ": [
		"怠",
		"色"
	],
	"nwạle": "色浪",
	"nwạike": "色果",
	"nwu": [
		"籠",
		"性"
	],
	"nwucha": "籠選",
	"nwude": "性de",
	"nwunyu": "籠曹",
	"nwunyuanya": "籠曹目",
	"nwuru": "性ru",
	"nwuto": "籠乗",
	"nya": [
		"炊",
		"遇",
		"速",
		"ny既",
		"威"
	],
	"nyado": "速災",
	"nyaga": "速火",
	"nyaka": "威謁",
	"nyako": "威歌",
	"nyaanya": "速a速",
	"nyaanya": [
		"ny既目",
		"威a威"
	],
	"nyaanyando": "ny既目護",
	"nyaoria": "炊o渦",
	"nya": "脅",
	"nyaa": "獄",
	"nyaagbu": "獄恩",
	"nyaaanwu": "獄日",
	"nyaaoku": "獄遠",
	"nye": "角",
	"nyeaka": "角稼",
	"nyocha": "殖選",
	"nyo": [
		"ny見",
		"殖"
	],
	"nyoche": "殖害",
	"nyoza": "殖勾",
	"nyi": "重",
	"nyiaruu": "重果重",
	"nyu": [
		"柿",
		"曹"
	],
	"nyumamiri": "柿宅",
	"nyuahia": "曹宜",
	"nyuahu": "柿a荷",
	"nyunsi": "柿n隙",
	"na": [
		"寡",
		"営",
		"朽",
		"畝"
	],
	"naaladuṃ": "営土遷",
	"naaka": "寡稼",
	"naoge": "営潰",
	"nanari": "営巧",
	"nankiti": "営恒",
	"naa": "距",
	"naani": "峡",
	"nabata": "寡貝怠",
	"nabì": "寡韻",
	"ne": "魚",
	"nì": "且",
	"niile": "資",
	"nobeluzìṃ": "nobelu送ṃ",
	"nu": "蒸",
	"ni": "錮",
	"no": "帰",
	"nobì": "帰剁",
	"nochi": "帰襟",
	"nochianya": "帰襟目",
	"nochie": "帰襟e",
	"nokpu": "帰晴",
	"nokwu": "帰衛",
	"nokwuobì": "帰衛心",
	"noko": "帰歌",
	"nonanso": "帰n汚",
	"noojì": "帰警",
	"noruala": "帰達土",
	"noruo": "帰達o",
	"noria": "帰ria",
	"noro": "帰ro",
	"noso": "帰駅",
	"noanya": "帰目",
	"nomma": "帰m肢",
	"noodu": "帰訓",
	"nu": "傲",
	"nuisì": "傲浸",
	"o": "激",
	"pazi": "客送",
	"pa": "客",
	"paba": "客貝",
	"panku": "客奇",
	"pe": "偶",
	"poto": "p換",
	"puku": "広",
	"pi": [
		"触",
		"玄",
		"済"
	],
	"pita": "済怠",
	"pu": "蚕",
	"raadoomm": "raadoomm",
	"rghe": "枯",
	"rgheza": "枯図",
	"rgheoku": "枯遠",
	"rra": [
		"鎌",
		"旧"
	],
	"rracha": "旧選",
	"rramìeurra": "鎌琴eu鎌",
	"rraahu": "旧頑",
	"rrì": "概",
	"rrìgbu": "概恩",
	"rrìwaonu": "概胃口",
	"rrìamuosu": "概皿",
	"rriba": "概貝",
	"rribaafo": "概貝袖",
	"rringo": "概船",
	"rringo": "概n船",
	"rriuso": "概u諾",
	"ra": [
		"前",
		"惨"
	],
	"rankakara": "n柵柵",
	"ra": [
		"鮮",
		"積",
		"膳",
		"嫁"
	],
	"rase": "嫁砂",
	"re": [
		"捧",
		"漸"
	],
	"reutu": "捧即",
	"re": [
		"津",
		"購"
	],
	"reba": "貝津",
	"rechere": "等",
	"reazu": "漸暇",
	"reahia": "購宜",
	"reerere": "捧e捧捧",
	"reure": "漸u漸",
	"reutu": "捧即",
	"rì": "軒",
	"ro": "丈",
	"roero": "丈e丈",
	"rorigo": "賛go",
	"roezìṃ": "roe送ṃ",
	"ru": [
		"睡",
		"達",
		"困"
	],
	"ri": [
		"著",
		"賛",
		"冗",
		"衰",
		"拶"
	],
	"rida": "賛員",
	"ria": "渦",
	"rio": "頼",
	"ro": [
		"r伺",
		"股",
		"帥",
		"嗅",
		"兄",
		"掌"
	],
	"rodazìṃ": "roda送ṃ",
	"rofu": "r伺階",
	"roanya": "嗅目",
	"roaro": "掌a掌",
	"ronro": "掌n掌",
	"ru": [
		"随",
		"酔",
		"遂",
		"億"
	],
	"ruba": "酔貝",
	"ruagulu": "儀",
	"ruu": "奥",
	"ruudo": "奥災",
	"ruuko": "奥歌",
	"ruuta": [
		"奥涯",
		"奥怠"
	],
	"ruuzi": "奥向",
	"ruuzima": [
		"奥向肢",
		"奥向煙"
	],
	"ruuulo": "奥家",
	"sepanipa": "載",
	"shakeleke": "sh状",
	"shi": "sh和",
	"shiisii": "sh休休",
	"shishi": "荘",
	"sa": [
		"憬",
		"公"
	],
	"sa": [
		"髄",
		"糸",
		"s刑"
	],
	"sachi": "s刑鼓",
	"safu": "糸階",
	"safuure": "糸階u津",
	"saahu": "糸頑",
	"saafo": "糸袖",
	"sauwe": "糸岩",
	"se": [
		"数",
		"価",
		"砂",
		"貢",
		"据"
	],
	"seta": "砂怠",
	"seza": "据勾",
	"seìhu": "砂市",
	"seokwu": "価依",
	"sense": "砂n砂",
	"sì": [
		"宗",
		"横"
	],
	"sìkpo": "横極",
	"sìanya": "横目",
	"sìike": "横果",
	"sìonwu": "横音",
	"si": [
		"拷",
		"s和",
		"君",
		"棺"
	],
	"sibozìṃ": "sibo送ṃ",
	"sikpu": "君晴",
	"sikpo": "横極",
	"sikpooyi": "横極苛",
	"siisì": "拷浸",
	"sinti": "横規",
	"so": "駅",
	"sogbu": "題",
	"so": "壇",
	"sooyi": "駅挙",
	"su": "濯",
	"su": "周",
	"si": [
		"隙",
		"臆",
		"華"
	],
	"siisii": "s休休",
	"siasi": "臆a臆",
	"so": [
		"汚",
		"剰",
		"諾"
	],
	"sopuru": "汚争",
	"soso": "剰剰",
	"sooyi": "汚泉",
	"su": [
		"s秀",
		"s収",
		"組",
		"双",
		"囚",
		"詰",
		"宙",
		"共",
		"蹴",
		"州"
	],
	"suta": "詰怠",
	"suahia": "囚宜",
	"sunkì": "s収縄収",
	"suohia": "共林",
	"suosuso": "霜o霜",
	"te": "需",
	"taa": "勘",
	"taataa": "勘勘",
	"ta": [
		"草",
		"挿",
		"整",
		"怠",
		"涯",
		"樹"
	],
	"tabì": "涯韻",
	"tabìire": "涯韻戯",
	"takwu": "t血",
	"takwusì": "樹禅棺",
	"taahu": "草頑",
	"taaku": "草成",
	"taechìche": "涯快",
	"taoka": "樹o器",
	"tanchara": "涯少",
	"taokpo": "整課",
	"tauta": "樹u樹",
	"te": "査",
	"tenye": "儒角",
	"tenyo": "査殖",
	"tere": "査re",
	"terennyo": "査ren殖",
	"terolu": "査r狂",
	"teaka": "査雇",
	"teanya": "査目",
	"tenka": "査柵",
	"te": [
		"醜",
		"儒"
	],
	"teba": "儒貝",
	"tì": [
		"悟",
		"希",
		"紀"
	],
	"tìbanye": "悟貝nye",
	"tìgbu": "悟恩",
	"tìko": "希歌",
	"tìkonaakuku": "希歌営革",
	"tìkota": "希歌怠",
	"tìnye": "希角",
	"tìnyechì": "希角ch誤",
	"tìnyeaka": "希角稼",
	"tìnyeìwu": "希角漁",
	"tìuwe": "希岩",
	"tìmkpu": "紀気",
	"tiba": "希貝",
	"tibanye": "希貝角",
	"tifundu": "悟階艶",
	"tiju": "悟埋",
	"to": "石",
	"toru": "享達",
	"to": "享",
	"tolu": "査狂",
	"tu": [
		"額",
		"西"
	],
	"tu": [
		"赤",
		"求"
	],
	"tuahạ": "赤名",
	"tuasusu": "赤喫",
	"ti": "軸",
	"tika": "軸謁",
	"tisa": "軸憬",
	"tisaahu": "軸憬頑",
	"to": [
		"税",
		"斥",
		"醒",
		"夕",
		"乗",
		"河"
	],
	"toemu": "河e志",
	"tofu": "斥階",
	"toghe": "斥故",
	"toga": "斥庫",
	"tope": "斥偶",
	"toamu": "河a志",
	"tonkporo": "乗姉",
	"toochi": "河o効",
	"touto": "河u河",
	"tu": [
		"析",
		"興",
		"痕",
		"席",
		"終",
		"跡",
		"西",
		"潔",
		"索",
		"核",
		"惜",
		"戚"
	],
	"tuda": "終員",
	"tufe": "終轄",
	"tufu": "終鏡",
	"tufu": "終階",
	"tufuonu": "終階口",
	"tugha": "核伸",
	"tughaka": "核硬器",
	"tughari": "核硬ri",
	"tughariasusu": "核硬ri喫",
	"tuhì": "核象",
	"tukpe": "終匠",
	"tukwasi": "終餌横",
	"tukwasiobì": "終餌横心",
	"tuma": "特",
	"tumadi": "t漢",
	"tumanri": "席ma猿",
	"tunye": [
		"終角",
		"核nye"
	],
	"tunyu": "核曹",
	"tunyuo": "核曹o",
	"tunaala": "終営土",
	"tupu": "t顎",
	"tutu": "核潔",
	"tuturu": "痕痕ru",
	"tuzì": "席送",
	"tuagwa": "終呼",
	"tuahia": "席宜",
	"tuaka": "終稼",
	"tuilu": "終勧",
	"tuogho": "核詐",
	"tuogu": "終続",
	"tunchara": "終少",
	"tuntuu": "索n索",
	"tuutu": "終即",
	"vu": "穫",
	"vo": "繕",
	"wire": "aga",
	"wa": "胃",
	"waahia": "胃宜",
	"wa": [
		"巾",
		"恵"
	],
	"waba": "胃貝",
	"wafe": "胃轄",
	"wara": "舷",
	"warawara": "舷舷",
	"waria": "w壌",
	"waala": "胃土",
	"waaka": "胃稼",
	"waanya": "胃目",
	"waìkpe": "胃装",
	"waisi": "巾簡",
	"waoke": "胃逆",
	"waosisi": "胃木",
	"waohia": "胃林",
	"waoji": "胃益",
	"waoso": "胃夏",
	"wauzo": "胃畏",
	"we": "各",
	"weli": "各結",
	"welite": "各結醜",
	"welie": "各結e",
	"were": "各re",
	"wereka": "各re韓",
	"weta": "各怠",
	"wezili": "各向結",
	"we": "響",
	"weba": "各貝",
	"webata": "各貝怠",
	"webatu": "各貝額",
	"wefu": "各階",
	"wefuta": "各階怠",
	"wetu": "各額",
	"wetuobì": "各額心",
	"wezuga": "各堪火",
	"wo": [
		"w既",
		"w収"
	],
	"wu": "w照",
	"wuzo": "汽",
	"wu": [
		"w君",
		"受"
	],
	"wutu": "寛額",
	"wu": [
		"寛",
		"恐"
	],
	"wuba": "恐貝",
	"wuda": "恐員",
	"wufegha": "恐轄策",
	"wufu": "恐階",
	"wugba": "恐鶏",
	"wunye": "恐角",
	"wusa": [
		"恐憬",
		"恐糸"
	],
	"wuse": "恐据",
	"wuahu": "恐頑",
	"wunri": "恐猿",
	"wuoso": "寛夏",
	"ya": "案",
	"yanwạ": "案怠",
	"yembo": "ye声",
	"yì": [
		"族",
		"訓",
		"亀",
		"既"
	],
	"yìjì": "接議",
	"yi": [
		"緊",
		"谷"
	],
	"yo": "掃",
	"yi": "接",
	"yiaoyi": "接a挙",
	"yo": [
		"松",
		"薦",
		"y祉",
		"側"
	],
	"yohuo": "y祉o",
	"yoakwu": "側a謹",
	"za": [
		"径",
		"勾"
	],
	"zaje": "勾敢",
	"za": [
		"z公",
		"図"
	],
	"zaìzu": "z公幾",
	"zaoku": "z公清",
	"ze": "障",
	"ze": [
		"z彰",
		"粋"
	],
	"zela": "障机",
	"zeuzere": "z彰uz彰",
	"zì": [
		"学",
		"送",
		"探",
		"杉"
	],
	"zìbata": "送貝怠",
	"zìfuihnye": "探階偉",
	"zìnye": "送角",
	"zìte": "送醜",
	"zìzo": "催",
	"zìozi": "送託",
	"zi": [
		"向",
		"起",
		"航"
	],
	"zida": [
		"航員",
		"送員"
	],
	"zifu": "送階",
	"zifuihnye": "送階偉",
	"ziri": "航ri",
	"zo": [
		"何",
		"教"
	],
	"zoso": "教駅",
	"zu": [
		"喉",
		"堪",
		"酵"
	],
	"zuko": "酵歌",
	"zukota": "酵歌怠",
	"zula": "暑机",
	"zuike": "喉果",
	"zuobì": "堪心",
	"zu": [
		"暗",
		"暑"
	],
	"zuzo": "暑教",
	"zuzu": "埼",
	"zuoke": "堪具",
	"zuoshi": "暗精",
	"zo": [
		"窟",
		"釜",
		"z鏡",
		"z錦"
	],
	"zofuta": "窟階怠",
	"zogbu": "釜恩",
	"zu": [
		"慣",
		"凹"
	],
	"zuahia": "凹宜",
	"a": [
		"継",
		"征",
		"倉"
	],
	"aa": [
		"継",
		"固"
	],
	"aba": [
		"塾",
		"a権",
		"示"
	],
	"abacha": "芸",
	"abadaba": "逐",
	"abadaakwaabada": "布",
	"abadi": "鬼",
	"abali": [
		"曖",
		"a筋"
	],
	"abalidiegwu": "曖延録",
	"abaliìsì": "曖辱",
	"abana": "師",
	"abara": "a貝前",
	"abarangidi": "a擦布",
	"abaìcheku": "ab詳",
	"abainya": "玉学",
	"aba": "慶",
	"abada": "慶員",
	"abananko": "慶畝陣",
	"abasaala": "慶憬土",
	"abaezi": "春応",
	"abauzo": "春応畏",
	"abii": "a師",
	"abirika": "a押",
	"abo": [
		"舌",
		"傾"
	],
	"aboshi": "携",
	"abonli": "玉学",
	"abombaìse": "舌桜五",
	"aboocha": "a布皇",
	"abu": [
		"a張",
		"端"
	],
	"abuba": "娯",
	"abubo": "較",
	"abuo": "二",
	"acha": "a産",
	"achanu": "a盾",
	"achara": [
		"憲",
		"a憲"
	],
	"acharaugo": "憲古",
	"achi": "a絞",
	"achicha": "掛",
	"achichambadamba": "掛m慶慶",
	"achichaooka": "掛黍",
	"ada": "a員",
	"ada": "割",
	"adaghi": "a喝倉",
	"adaka": "a敬",
	"adaeze": "割王",
	"adaibai": "割戒",
	"adaulo": "割家",
	"adigboroja": "a題宜",
	"adiko": "葬",
	"adinwaoji": "a延子越",
	"afe": "a岩",
	"afe": "a轄",
	"afemadu": "a轄人",
	"afeekere": "a轄e捜re",
	"afeekendu": "a轄e捜艶",
	"afo": "淫",
	"afoukwu": "淫大",
	"afonta": "淫掘",
	"agba": [
		"朝",
		"鋳",
		"a請",
		"修",
		"構",
		"agb看",
		"誓"
	],
	"agbamaafo": "朝臣遺",
	"agbanaihnyu": "修営印",
	"agbara": "遵",
	"agbata": "好",
	"agbataala": "好土",
	"agbataekwu": "好海",
	"agbataike": "好果",
	"agbataobi": "好潤",
	"agbataokwu": "好依",
	"agbatauche": "好虞",
	"agbataonodu": "好残",
	"agbataukwu": "好扱",
	"agbauhìe": "構移",
	"agbantì": "修弓",
	"agbaonu": "修口",
	"agbo": [
		"克",
		"絶"
	],
	"agbogho": "女遣",
	"agboghomuoo": "女遣霊",
	"agbono": "順",
	"agbugba": "agb権",
	"agharaaghara": "a策策",
	"agho": "agh挟",
	"agwa": [
		"嫌",
		"呼",
		"綱",
		"仙"
	],
	"agwanaaba": "嫌営慶",
	"agwaetitì": "嫌論",
	"agwaepe": "綱画",
	"agwaoma": "綱o肢",
	"agwaagwa": "呼呼",
	"aga": "楷",
	"agada": "滝",
	"agafu": "濁",
	"agalama": "a火臣",
	"agama": "担",
	"agaṃ": "棚",
	"agene": "沖",
	"agiri": "衷",
	"aguko": "a感歌",
	"aha": "a挫",
	"ahaba": "征循艦",
	"ahi": [
		"a滋",
		"a走"
	],
	"ahia": "ah走",
	"ahiume": "a走憎",
	"ahu": [
		"菊",
		"頑"
	],
	"ahugho": "a見gh挟",
	"ahunwanwaạnyi": "頑子女",
	"ahuike": "頑果",
	"ahundu": "頑艶",
	"ahundunkiri": "頑艶n熊",
	"ahuonu": "菊口",
	"aja": "針",
	"ajadu": "a羨",
	"aju": "採",
	"akpa": [
		"akp看",
		"秩",
		"獲"
	],
	"akpatì": "謙",
	"akpaaku": "獲矢",
	"akpaazu": "獲暇",
	"akpaabu": "獲紙",
	"akpaafa": "獲贈",
	"akpaagwu": "獲近",
	"akpaagu": "獲虎",
	"akpaaji": "獲単",
	"akpaamu": "獲染",
	"akpaañu": "獲我",
	"akpaìfufe": "獲研",
	"akpiru": "akp画",
	"akpuru": "a姓ru",
	"akwa": "削",
	"akwanwa": "削子",
	"akwa": "回",
	"akwu": [
		"思",
		"枢"
	],
	"akwukwa": "暁",
	"aka": [
		"牙",
		"砕",
		"a柵"
	],
	"akamu": "a黍",
	"akara": "a柵ra",
	"akanwu": "a擦",
	"akanya": "a沖",
	"akato": "a柵夕",
	"akìke": "a枝",
	"akotu": "本如",
	"akika": "a柵柵",
	"akikaelu": "a柵柵上",
	"ako": "常",
	"akonauche": "常畝虞",
	"aku": [
		"矢",
		"圧"
	],
	"akunaachi": "圧朽a司",
	"akunauba": "圧営真",
	"akuru": "窒",
	"ala": [
		"加",
		"土"
	],
	"alabekee": "土bekee",
	"alanaaba": "土営慶",
	"alaaka": "土稼",
	"alaezi": "土紅",
	"alaìgbo": "土運",
	"alaisi": "土簡",
	"alaobì": "土心",
	"alamba": "土桜",
	"alaodu": "土訓",
	"alulu": [
		"憶",
		"浄",
		"a隻隻"
	],
	"alulundu": "浄艶",
	"alumdi": "憶閲",
	"ama": [
		"書",
		"a丸",
		"腎"
	],
	"amakaekwu": "a影",
	"amamaihnye": "a丸肢欠",
	"amani": "書係",
	"amara": [
		"a隔ra",
		"刻",
		"業"
	],
	"amaraoji": "a隔ra越",
	"amaaka": "a肩稼",
	"amaokwu": "a肩依",
	"amaonye": "腎衣",
	"amaukwu": "a肩扱",
	"amaura": "腎u積",
	"ami": "a捉",
	"amuma": "輝",
	"anwạ": "a色",
	"anyasi": "漏",
	"anyim": "燥",
	"anyiṃ": "詔",
	"ano": "四",
	"apata": "商",
	"apata": "a客怠",
	"apanya": "a幸",
	"ari": "a冗",
	"arikiri": "a冗熊",
	"aria": "設著",
	"ariaoku": "a著a遠",
	"arindu": "a冗艶",
	"arinta": "a冗掘",
	"aro": "貯",
	"asara": "a憬ra",
	"asaa": "七",
	"asato": "八",
	"asi": [
		"臆",
		"a盾"
	],
	"asiri": "陥",
	"ata": "a樹",
	"ata": "血",
	"ataokpa": "血o戴",
	"ataukwu": "血扱",
	"atutu": "尻",
	"ato": "三",
	"atoronaagha": "a醒ro営援",
	"atu": "固",
	"atumahia": "a席m宜",
	"atuaka": "固稼",
	"atuekike": "固式",
	"atuonye": "固衣",
	"atuomata": "固撃丸怠",
	"awara": "a胃ra",
	"awaratenyo": "a胃ra査殖",
	"awuru": "帳",
	"ayiya": "a蔵",
	"ayo": "a将",
	"ayoro": "将",
	"aza": "淑",
	"azakiri": "淑熊",
	"azumike": "a喉m果",
	"azi": "蓄",
	"azianyasi": "蓄漏",
	"aziehihnye": "蓄乞",
	"aziututu": "蓄駒",
	"azu": "暇",
	"azumini": "暇水",
	"azumiri": "暇水",
	"aaria": "a著",
	"aña": "星",
	"abara": "a張",
	"aba": [
		"位",
		"熟"
	],
	"abacha": "a休",
	"abadaba": "慶d慶",
	"abaje": "a貝換",
	"abala": "柏詩",
	"abara": "置",
	"abazu": "a研",
	"abìa": "a奴",
	"abobo": "准",
	"aburu": "殉",
	"abidi": "a祝",
	"abia": "私",
	"abo": [
		"a瞬",
		"a迎",
		"春"
	],
	"aboko": "a騎",
	"aboshi": "旬",
	"abosi": [
		"a移",
		"a弦"
	],
	"abu": [
		"a蛍",
		"紙",
		"乾",
		"a拒",
		"a挙",
		"a袖"
	],
	"abuba": [
		"a葉",
		"a央",
		"玉"
	],
	"abubaisi": "玉簡",
	"aburu": "a侍",
	"abuzu": "処",
	"abuala": "乾土",
	"abumba": "a蛍桜",
	"abuoma": "a蛍o肢",
	"achagha": "a差策",
	"achaghi": "a沙倉",
	"achi": [
		"胆盾",
		"a柏",
		"塑",
		"胆",
		"租"
	],
	"achiere": "a醸e津",
	"achomma": "a要m煙",
	"ada": "a砕",
	"adako": "a員歌",
	"ada": [
		"a員",
		"a貼"
	],
	"adiamaama": "a延a丸丸",
	"adouche": "a急虞",
	"afasì": "a岐横",
	"afa": "贈",
	"afaba": "a岐貝",
	"afi": "孫",
	"afiazu": "孫街",
	"afo": [
		"遺",
		"虚",
		"袖"
	],
	"afoda": "遺係",
	"afoaka": "袖稼",
	"afoanya": "袖目",
	"afoìri": "遺十",
	"afoime": "袖妊",
	"afoote": "虚o醜",
	"afoukwu": "袖大",
	"afonta": "袖掘",
	"afoihnye": "遺偉",
	"afoiza": "虚台図",
	"afoobara": "袖話",
	"afooma": "袖o肢",
	"afooziza": "袖o図図",
	"afoukwu": "虚扱",
	"afu": "a階",
	"afufa": "初",
	"afufabekee": "初bekee",
	"afufu": "a汗汗",
	"agba": "a佐",
	"agbako": "a疫歌",
	"agbakoihnyu": "a疫歌垣",
	"agbakoihnyundedi": "a疫歌垣n肝情",
	"agbakoihnyundediodìme": "a疫歌垣n肝情激情壊",
	"agbara": "空",
	"agba": [
		"緒",
		"a今医"
	],
	"agbada": [
		"煎",
		"諸"
	],
	"agbalagada": "準",
	"agbananti": "a箋営規",
	"agbo": "a甲",
	"agbisi": "談",
	"agbo": [
		"a襲",
		"a布"
	],
	"agboedo": "a襲郭",
	"agbu": "形",
	"agbugbo": "巡",
	"agha": "援",
	"aghara": "握",
	"aghaobodo": "援詠",
	"aghoo": "a遜",
	"aghugho": "a遜遜",
	"agwa": "専",
	"agwo": [
		"蛇",
		"浅"
	],
	"agwonkwu": "蛇棋",
	"agwoulo": "蛇家",
	"agwu": "近",
	"agwugwa": "a僅僅",
	"agwunsi": "近銀",
	"aga": [
		"a凝",
		"態"
	],
	"agaba": "a郡",
	"agadagba": "a章",
	"agadaga": "卓",
	"agadi": "掲",
	"agadinwaoke": "掲子男",
	"agadinwaạnyi": "掲子女",
	"agaazu": "態街",
	"ago": "酎",
	"agomu": "酎格",
	"agiriga": "a葉",
	"agu": [
		"a介",
		"窓",
		"虎",
		"儀",
		"更"
	],
	"aguba": "劒",
	"agugu": [
		"港",
		"a感感"
	],
	"aguguonu": "a感感口",
	"agulerì": "儀le象",
	"aguma": "a感丸",
	"agunwaoke": "虎子男",
	"agunwaạnyi": "虎子女",
	"aguiyi": "虎過",
	"agumiri": "儀水",
	"aguulo": "虎家",
	"aha": "名",
	"ahazi": "a奏向畏",
	"ahaotìto": "名ot石",
	"ahaoma": "名o肢",
	"aha": "開",
	"ahihia": [
		"攻",
		"a嵐"
	],
	"ahiri": "a嫡",
	"ahirinde": "a嫡n肝",
	"ahia": "宜",
	"ahiaarra": "宜句",
	"ahiaìwu": "宜漁",
	"ahiaorire": "宜o購購",
	"ahu": [
		"a荷",
		"吟"
	],
	"ahucha": "a見選",
	"ahuchamkpekere": "a見選m眼",
	"ahuru": [
		"a荷ru",
		"a恣"
	],
	"ahuruuzu": "a恣打",
	"ahuuhuu": [
		"才",
		"a蟻",
		"蛆"
	],
	"aja": "始",
	"ajari": "a少",
	"ajaala": [
		"開加",
		"aja加",
		"開"
	],
	"ajaaja": "開開",
	"ajaiyi": "開過",
	"ajanchara": "開少",
	"ajankume": "開今",
	"ajaulo": "始家",
	"ajirija": "候",
	"ajirijandu": "候艶",
	"aji": [
		"請",
		"単"
	],
	"ajiala": "請土",
	"ajianu": "請嵐",
	"ajiigwe": "単亜",
	"ajioche": "単閣",
	"ajiuwa": "単世",
	"ajoo": "a誇",
	"ajoonwa": "a誇子",
	"ajoomuoo": "a誇霊",
	"aju": [
		"a絵",
		"a館"
	],
	"ajuju": "a絵絵",
	"ajujunaosiza": "a絵畝o公公",
	"akpede": "時",
	"akpi": "a談",
	"akpiri": "険",
	"akpo": "斉",
	"akpoku": "察",
	"akpu": [
		"升",
		"座",
		"小"
	],
	"akpukpo": "恣",
	"akpukpoukwu": "恣扱",
	"akwa": "布",
	"akwara": "嫡",
	"akwatu": "a総核",
	"akwankisi": "布促",
	"akwamiri": "布水",
	"akwaomuma": "布o拳拳",
	"akwa": "a該",
	"akwara": "芯",
	"akwaraìzì": "芯ì送",
	"akwu": "a謹",
	"akwukwo": [
		"間",
		"葉"
	],
	"akwukwoije": "葉為",
	"akwukwonde": "葉n肝",
	"akwukwondu": "葉艶",
	"akwukwonfe": "葉n轄",
	"akwukwonka": "葉n項",
	"aka": "a柵",
	"akaji": "a柵議",
	"akara": "妻",
	"akaraka": "串妻稼",
	"akaraìgbe": "妻ì謙",
	"akaraihnyu": "妻垣",
	"akaraonwe": "妻自",
	"akaraobì": "妻心",
	"akaraokwu": "妻依",
	"akaraotuuda": "妻一校",
	"akarauchezu": "妻u崖酵",
	"akarangori": "妻楽",
	"akaransibiri": "妻字",
	"akaraugwo": "妻刊",
	"akaala": "a柵土",
	"akaṃbì": "a柵ṃ原",
	"aka": [
		"盾",
		"稼",
		"雇"
	],
	"akaa": "a項",
	"akaekpe": "稼伎",
	"akaekpeakaekpe": "稼伎稼伎",
	"akame": "稼壊",
	"akanwa": "a擦",
	"akaazu": "稼暇",
	"akaagu": "稼虎",
	"akaanwu": "稼日",
	"akaebe": "a腎",
	"akaodo": "稼堕",
	"akangwe": "稼n消",
	"akanri": "稼猿",
	"akanriakanri": "稼猿稼猿",
	"akanrioshi": "稼猿精",
	"akansibiri": "稼字",
	"akanza": "稼救",
	"akaokpo": "稼課",
	"akaomu": "稼o今",
	"akaoruu": "稼o奥",
	"akauda": "稼u員",
	"akautara": "稼u猿",
	"akirika": "抗",
	"aki": "霎",
	"akiko": "訟",
	"akikoifo": "訟i駄",
	"akiribo": "政",
	"akiriakirika": "霎riakiri",
	"akiriime": "a熊拐",
	"ako": "汰",
	"aku": [
		"成",
		"a制"
	],
	"akuku": "革",
	"akuilu": "成i款",
	"akuugo": "成古",
	"akumiri": "成水",
	"akumiriigwe": "成水亜",
	"akuṃkpi": "成耳",
	"alu": "a隻",
	"alukpo": "a隻繰",
	"aluomì": "a隻o琴",
	"alo": "a鐘",
	"alu": "a駆",
	"alukaoke": "a完環男",
	"alukaạnyi": "a完環女",
	"alulu": "慌",
	"aluzi": "慌z紅",
	"aluotu": "a完一",
	"ama": "a肩",
	"amaukwu": "a肩扱",
	"ama": [
		"寒",
		"源",
		"厳"
	],
	"amacha": "a隔差",
	"amaihnyu": "a隔垣",
	"amailì": "源i悔",
	"amaoyi": "a件苛",
	"amaukwu": [
		"源大",
		"厳大"
	],
	"amaoha": "源院",
	"amaokwa": "a健狙",
	"amì": "捉",
	"amuosu": "皿",
	"amiri": "a限",
	"amu": [
		"染",
		"a志"
	],
	"amuma": [
		"a丸丸",
		"amu件"
	],
	"amuibì": "染弾",
	"amuuche": "a格虞",
	"anwu": [
		"鋼",
		"日"
	],
	"anwuru": "荷",
	"anwuruike": "荷果",
	"anya": "a遇",
	"anyara": "企",
	"anyaoke": "a遇芋",
	"anyaugha": "a遇u伸",
	"anya": "目",
	"anyaanwu": "目日",
	"anyaanwuututu": "目日駒",
	"anyaaturuu": "目菌",
	"anyaegele": "目egele",
	"anyaike": "目果",
	"anyaudo": "目去",
	"anyauhìe": "目移",
	"anyaukpe": "目献",
	"anyaukwu": "目大",
	"anyaukoro": "目震",
	"anyamiri": "目水",
	"anyaufu": "目u汗",
	"anyi": "菓",
	"anyinwạ": "菓怠",
	"anyinya": "緩",
	"anyinyaibu": "緩i穫",
	"anyinyaozara": "緩親",
	"anyisuzìṃ": "anyisu送ṃ",
	"anyu": "a曹",
	"anyualu": "a曹a隻",
	"anyualuomì": "a曹a隻o琴",
	"anyunka": "a曹n柵",
	"anyuoku": "a曹遠",
	"anaga": "a態",
	"aneta": "巣",
	"aniri": "a且賛",
	"anokata": "a帰環怠",
	"anu": [
		"尋",
		"嵐"
	],
	"anumaanu": "嵐m嵐",
	"anuahu": "尋頑",
	"anuarra": [
		"尋乳",
		"嵐乳"
	],
	"anuarramiri": "嵐乳水",
	"anuehi": "尋賀",
	"anuezì": "尋豚",
	"anuohia": "嵐林",
	"anuulo": "嵐家",
	"apa": "駐",
	"apiti": "仕",
	"arghirghe": "a枯枯",
	"arra": [
		"乳",
		"句"
	],
	"arraehi": "乳賀",
	"aririo": "a頼",
	"aria": "a壌",
	"aro": [
		"a掌",
		"沢"
	],
	"arochiukwu": "沢魂大",
	"aroojo": "a掌o誇",
	"aru": [
		"臼",
		"a億"
	],
	"arusi": "顧",
	"aruala": "a億土",
	"aruu": "果重",
	"aruukoufe": "a奥歌u均",
	"asa": "出",
	"asaala": "a憬土",
	"asaaji": "a憬単",
	"asaṃbodo": "a礎",
	"asìṃ": "a横ṃ",
	"asisa": "as糸",
	"asu": "却",
	"asusu": "喫",
	"asusuìgbo": "喫運",
	"asuagwu": "却近",
	"atani": "a脱",
	"ato": "a夕",
	"atu": [
		"恥",
		"弦"
	],
	"atubì": "a核塊",
	"atulumanya": "a興lu限",
	"atumaagwa": "a核m呼",
	"aturuu": "菌",
	"atutu": "a戚戚",
	"atuuhìe": "弦移",
	"awele": "a球",
	"awo": [
		"畜",
		"確"
	],
	"azi": "a遺",
	"aziza": "a勾勾",
	"azu": "街",
	"añu": "我",
	"añulumanya": "a軽lu限",
	"añuri": "媛",
	"e": "宛",
	"ebezì": "麓",
	"ebezìeke": "麓飲",
	"ebezìohìmiri": "麓激須水",
	"ebezìndìa": "麓ndìa",
	"ebezìnleda": "麓n浪員",
	"ebezìnuukwuohìmiri": "麓傷大激須水",
	"ebere": [
		"e墾",
		"e干re"
	],
	"ebì": [
		"e核",
		"e注"
	],
	"ebìrì": [
		"注",
		"茶"
	],
	"ebìrìuda": "注校",
	"ebu": "体",
	"ebube": [
		"耐",
		"紳"
	],
	"ebulu": "e期",
	"egbe": [
		"e己",
		"造"
	],
	"egbene": "仲",
	"egede": "押",
	"egusi": "e初",
	"ekpenta": "芽",
	"ekpere": "e則re",
	"ekpo": "e遺",
	"ebe": [
		"所",
		"e砕"
	],
	"ebenebe": "漢干",
	"ebeniile": "所資",
	"ebeaa": "所継",
	"ebeahu": "所吟",
	"ebeole": "所o廊",
	"ebemanya": "所限",
	"ebì": [
		"e核絞",
		"鍛",
		"丹"
	],
	"ebìrì": "e香",
	"ebi": "脱",
	"ebo": "刷",
	"ebubo": "e阻阻",
	"echìche": "快",
	"echi": "患",
	"echieteka": "患査環",
	"ede": "昨",
	"edeala": "昨土",
	"ede": [
		"祖",
		"e肝"
	],
	"edemede": "e肝m肝",
	"edere": "e肝re",
	"edezi": "e肝向",
	"edeezi": "e肝紅",
	"edendu": "e肝艶",
	"edenduonwe": "e肝艶自",
	"edi": "e帳",
	"efe": "e轄",
	"efe": "e岩",
	"efere": "吸",
	"eferesa": "吸憬",
	"efeisi": "e岩簡",
	"efu": [
		"顕",
		"e鏡"
	],
	"efulefu": "験",
	"efuakwaraìzì": "e鏡芯ì送",
	"egbe": "機",
	"egbecham": "機cham",
	"egbere": "勝",
	"egbereonu": "勝口",
	"egbendu": "喪",
	"egbe": "介",
	"egwu": "e伺",
	"egwuregwu": "e伺r伺",
	"egwuonwa": "e伺慰",
	"egwu": [
		"最",
		"録"
	],
	"egwu": "易",
	"egedege": "扇",
	"egedegeihnyu": "扇垣",
	"egedegeisi": "扇簡",
	"egedegeukwu": "素扱",
	"ego": "架",
	"egokirikiri": "架熊熊",
	"egoru": "架睡",
	"egorunzodo": "架睡n教災",
	"egoayo": "架松",
	"egoayoro": "架将",
	"egoaka": "架稼",
	"egoole": "架o廊",
	"eguru": "e尚",
	"ehere": "待",
	"eheremiri": "待水",
	"ehìhì": [
		"e象象",
		"胎"
	],
	"ehìrì": "仁",
	"ehìrìmiri": "仁水",
	"ehìe": "e升",
	"ehi": "賀",
	"ehiohia": "賀林",
	"ejeli": "e換結",
	"ejeliagwa": "e換結呼",
	"ejìje": "e宛宛",
	"ejìjeonu": "e宛宛口",
	"eju": "退",
	"ekpe": [
		"e匠",
		"羨"
	],
	"ekpo": "瀬",
	"ekwe": "瓦",
	"ekwe": [
		"袋",
		"鯨",
		"釣"
	],
	"ekwere": "多",
	"ekwensu": "屋",
	"ekwenti": "釣規",
	"ekwo": "e町",
	"ekwuru": "e羞",
	"ekwu": "海",
	"ekwuda": "e鋭員",
	"ekwunaefu": "e鋭営e鏡",
	"ekwuigwe": "海級",
	"eke": "枝",
	"ekeleke": "衆",
	"eke": "久",
	"ekenaogwurugwu": "久畝償",
	"ekere": "踪",
	"ekesìṃ": "久横ṃ",
	"ekeegwu": "久録",
	"ekeukwu": "久大",
	"ekìkì": "授",
	"ekìko": "e少",
	"ekike": "式",
	"ekikeahu": "式頑",
	"eko": "帯",
	"ekoiyi": "帯過",
	"eku": "泰",
	"ele": [
		"e子",
		"e嵐"
	],
	"elekere": "e怠",
	"eleaka": "e怠稼",
	"elemiri": "e嵐水",
	"elì": "e結",
	"elìri": "e殉",
	"elu": "上",
	"elunaala": "上営土",
	"eluala": "上土",
	"eluelu": "上上",
	"eluere": "上講",
	"eluigwe": "上亜",
	"eluugwu": "上哀",
	"emenyi": "e関",
	"emìi": "e街",
	"enyì": "込",
	"enyi": "関",
	"enete": "巣",
	"enuugwu": "上哀",
	"epe": "e画",
	"epe": "e中",
	"epeoha": "e中院",
	"epuṃ": "e忌",
	"era": "e堆",
	"ere": "講",
	"erìrì": "e筋",
	"eriri": "筋",
	"eririnwa": "筋子",
	"eririafo": "筋袖",
	"ero": "e丈",
	"eroma": "e堆煙",
	"eromuoo": "e堆霊",
	"erulu": "絹",
	"eruru": "e睡睡",
	"eshi": "e最",
	"esu": "焼",
	"ete": [
		"e和",
		"e醜"
	],
	"etemete": "株",
	"etìrietì": "e希r希",
	"ewezugaghi": "e各堪火倉",
	"ewezuga": "e各堪火",
	"ewi": "祈",
	"ewu": "ew照",
	"ewu": "活",
	"ewuchi": "活魂",
	"ewuohia": "活林",
	"ewuoyi": "活挙",
	"eyi": "卒",
	"eze": "王",
	"ezere": "e像",
	"ezeaka": "王稼",
	"ezeigwe": "王亜",
	"ezeogu": "王召",
	"eze": "骸",
	"ezeure": "骸u津",
	"ezenkwaba": "骸n禁貝",
	"ezeochi": "骸o効",
	"ezeuzo": "骸畏",
	"ezì": "豚",
	"ezìe": [
		"向",
		"航"
	],
	"ezi": "功",
	"ezigbo": "功崇",
	"ezigbomadu": "功崇人",
	"eziokwu": "功依",
	"ezindu": "功艶",
	"eziocha": "功麗",
	"ezu": "e堪",
	"ezuoso": "e堪夏",
	"ìbe": "ì裾",
	"ìbì": "ì塊",
	"ìbìrì": "貫",
	"ìbìrìachi": "貫胆",
	"ìbo": "迎",
	"ìboojii": "迎越",
	"ìboozu": "迎俺",
	"ìbouwe": "迎岩",
	"ìbone": "迎温",
	"ìbouzo": "迎畏",
	"ìbube": [
		"育",
		"喚"
	],
	"ìchere": "境",
	"ìcheku": "詳",
	"ìchekunzasì": "詳n勾横",
	"ìchekumbara": "詳m確",
	"ìchekuoku": "詳遠",
	"ìchie": "長ì長",
	"ìchooku": [
		"義",
		"影"
	],
	"ìde": [
		"札",
		"尉"
	],
	"ìdemili": "科",
	"ìfufe": "研",
	"ìfuru": "諧",
	"ìgbe": "ì謙",
	"ìgbeoyi": "ì謙苛",
	"ìgbeozu": "ì謙俺",
	"ìgbengosi": "ì謙n徐",
	"ìgbenjuoyi": "ì謙n細苛",
	"ìgbì": "ì口",
	"ìgbo": "運",
	"ìgboizugbe": "運i祖",
	"ìgwe": "ì芋",
	"ìga": "ì銃",
	"ìgodo": "萎",
	"ìgodookwu": "萎依",
	"ìgurube": "ì処",
	"ìhìte": "全",
	"ìhu": "市",
	"ìhumu": "市潜",
	"ìhuru": "魅",
	"ìhuike": "市果",
	"ìjeri": "早",
	"ìjere": [
		"蟻",
		"ì蟻"
	],
	"ìjerenwaoke": "ì蟻子男",
	"ìjerenwaạnyi": "ì蟻子女",
	"ìjumiri": "ì埋水",
	"ìkpere": "巨",
	"ìkpe": "装",
	"ìkpemara": "装隔ra",
	"ìkpeazu": [
		"装暇",
		"ìkp遇暇"
	],
	"ìkpo": "屈",
	"ìkpoegwu": "屈易",
	"ìkpoinyì": "屈i詳",
	"ìkpookwu": "屈依",
	"ìkponnya": "屈n脅",
	"ìkponsibiri": "屈字",
	"ìkponso": "屈可",
	"ìkpontìrì": "屈n酬",
	"ìkpu": "胆扇",
	"ìkwìkwìi": "ì状",
	"ìkìrì": "ìk堅",
	"ìko": "設",
	"ìkoro": "ì育",
	"ìkoroonwa": "ì育慰",
	"ìku": "ì請",
	"ìkuku": "縁",
	"ìkuanya": "ì請目",
	"ìnyì": "含",
	"ìre": "ì捧",
	"ìri": "十",
	"ìrizì": "ì概学",
	"ìru": "ì製",
	"ìse": [
		"五",
		"ì五"
	],
	"ìsii": "六",
	"ìte": "眼",
	"ìteola": "眼協",
	"ìtìrì": "局",
	"ìtoolu": "九",
	"ìwu": "漁",
	"ìwuoha": "漁院",
	"ìyere": "侯",
	"ìzì": "ì学",
	"ìzìzì": [
		"ì学学",
		"ì杉杉"
	],
	"ìzu": "幾",
	"ibe": "香",
	"iberibe": "術",
	"ibe": [
		"酢",
		"i裾"
	],
	"ibeosisi": "i裾木",
	"ibenku": "i裾奇",
	"ibeoji": "i裾益",
	"ibì": "弾",
	"ibom": [
		"然",
		"替"
	],
	"ibu": "i看",
	"ibu": "i穫",
	"iche": "京",
	"ichì": "僧",
	"ichuchu": "純",
	"ide": [
		"i縦",
		"遅"
	],
	"ideiyi": "i縦過",
	"idide": "i張",
	"idu": [
		"i紹",
		"i談"
	],
	"iduazi": "i紹a遺",
	"ifejìoku": "欠議遠",
	"ifo": "i駄",
	"ifuru": "駄",
	"igbo": "i叫",
	"igwe": [
		"i相",
		"i級",
		"級"
	],
	"igwe": [
		"i昆",
		"亜"
	],
	"igwemkpochi": "亜m愚襟",
	"igu": "i葉",
	"ihnyu": [
		"印",
		"垣"
	],
	"ihnyunaihnyu": "垣営垣",
	"ihnyuano": "垣四",
	"ihnyuagbara": "垣空",
	"ihnyuakwukwo": "垣葉",
	"ihnyuaka": "垣稼",
	"ihnyuigwe": "垣亜",
	"ihnyuike": "垣果",
	"ihnyundasi": "垣玻",
	"ihnyunkota": "垣n歯怠",
	"ihnyumma": "垣氏",
	"ihnyuṃbì": "垣ṃ原",
	"ihnyuihnyere": "垣申",
	"ihnyuocha": "垣皇",
	"ihnyuojoo": "垣o誇",
	"ihnyuoma": "垣o肢",
	"ihì": "尽",
	"iike": "欧d",
	"ije": "為",
	"ijeelu": "為上",
	"ijeozi": "為託",
	"ijeoyi": "為挙",
	"ije": "i宛",
	"iji": "善",
	"ijiji": [
		"善善",
		"善ji"
	],
	"ijiriji": "拙",
	"ikere": "i善",
	"ikpere": "錠",
	"ikwu": "作",
	"ikwunaibe": "作畝香",
	"ikwune": "作温",
	"ike": "果",
	"ikedu": "果対",
	"ikekwe": "果仰",
	"ikenaike": "果畝果",
	"ikerike": "ik裾",
	"ikerikemgbachi": "ik裾m碁襟",
	"ikeike": "果果",
	"ikeume": "果憎",
	"ikenro": "果n困",
	"ikenga": "記",
	"ikìrì": "診",
	"ikìrìokpa": "診o戴",
	"ikìrìukwu": "診扱",
	"ikike": "果i果",
	"ikoro": "灰",
	"ikoroonwa": "灰慰",
	"iko": "雪",
	"ilì": "i悔",
	"iloma": "沿",
	"ilu": [
		"i款",
		"勧"
	],
	"ilunta": "勧掘",
	"ime": [
		"拐",
		"妊"
	],
	"imerime": "貼",
	"imeama": "拐厳",
	"imeobodo": "拐詠",
	"imemuoo": "拐霊",
	"imi": "臭",
	"inwusìṃ": "i照横ṃ",
	"inyì": "i詳",
	"ire": [
		"称",
		"戯"
	],
	"ireeju": "戯退",
	"ireoku": "戯遠",
	"iriri": "i概概",
	"iro": [
		"称",
		"錮",
		"怨"
	],
	"isì": "浸",
	"isìsì": "浸拷",
	"isi": [
		"簡",
		"酸強"
	],
	"isiji": "簡毀",
	"isinwaạnyi": "簡子女",
	"isinaodu": "簡畝訓",
	"isialanaaba": "簡土営慶",
	"isiaka": "簡稼",
	"isiawo": "簡畜",
	"isiego": "簡架",
	"isiiyi": "簡過",
	"isiowu": "簡遡",
	"isiokwu": "簡依",
	"isinjedebe": "簡n換豪be",
	"isimiri": "簡水",
	"isionodu": "簡残",
	"isiowuwa": "簡o巾巾",
	"iwe": "顔",
	"iyì": [
		"i候",
		"i活",
		"i顕"
	],
	"iyìuwa": "i候世",
	"iyi": [
		"過",
		"i緊"
	],
	"izu": "戸",
	"izuda": "戸係",
	"izugbe": "i祖",
	"izuahia": "戸宜",
	"izuuka": "戸uka",
	"ña": [
		"ñ津",
		"侵"
	],
	"ña": [
		"ñ神",
		"娠"
	],
	"ñanti": "振規",
	"ñaoku": "娠遠",
	"ño": "耕",
	"ñu": "軽",
	"ochegbo": "激害誤",
	"ochega": "激害火",
	"ocheokwa": "激害崎",
	"ocheuzo": "激害畏",
	"ochi": "o沼",
	"ochie": "o長",
	"odumodu": "浪遭o郡",
	"ofe": "溝",
	"ofe": "o轄",
	"ofeke": "o載",
	"ofeli": "激均結",
	"ofeliigwe": "激均結亜",
	"ofeigwe": "激均亜",
	"ofufe": "of鹿",
	"ofufechi": "of鹿魂",
	"ohere": "料",
	"ohìsìdiike": "激象横欧",
	"ohìsìigwe": "激象横級",
	"ohìsìocha": "激象横皇",
	"ohìagba": "激象構",
	"ohìanyi": "激象a重",
	"ohìakanwu": "激象a擦",
	"ohìanwu": "激象日",
	"ohììhu": "激象市",
	"ohìume": "激象憎",
	"ohìmba": "激象m真",
	"ohìmiri": [
		"激須水",
		"激象水"
	],
	"ohìihnye": "激象偉",
	"ohìomu": "激象今",
	"ohìomundu": "激象今艶",
	"ohicha": "激璽綺",
	"ojedu": "激敢対",
	"ojeru": "激敢達",
	"ojeru": "激敢奥",
	"ojeozi": "激換託",
	"ojenso": "激敢鉱",
	"ojìba": "o職貝",
	"ojìonu": "激議口",
	"okwe": "o准",
	"okwerike": "激仰r台捜",
	"okwori": "劇",
	"okwukwe": "o則則",
	"okwukwu": "o鋭鋭",
	"okwulu": "嚇",
	"okwuma": "o成",
	"okwuta": "激鋭樹",
	"oke": [
		"逆",
		"具"
	],
	"okeahu": "具頑",
	"okenta": "具掘",
	"okenke": "具外",
	"okeohandi": "具院以",
	"okeohanta": "具院掘",
	"okeuzo": "具畏",
	"oke": "鼠",
	"okebekee": "鼠bekee",
	"okekpa": "激乙飼",
	"okenyeoku": "激捜角遠",
	"okeike": "激捜果",
	"okìke": "o勲",
	"okolo": "o季",
	"okuku": "甘券",
	"oko": "o掠",
	"olenwa": "激浪子",
	"oleime": "激浪妊",
	"ole": "o廊",
	"olìle": [
		"o浪浪",
		"激浪浪"
	],
	"olìleanyaanwu": "o浪浪目日",
	"omefu": "激壊鏡",
	"omeka": "激壊韓",
	"omenaala": "激壊営土",
	"omenaudo": "激壊営去",
	"omezi": "激壊向",
	"omenka": "激壊柵",
	"omì": "o琴",
	"omìmì": "o琴琴",
	"omume": [
		"o動",
		"o壊壊"
	],
	"omumeodoaku": "o動激災圧",
	"omumeoruaku": "o動激睡圧",
	"onweala": "激禾土",
	"onwene": "参",
	"onwe": "自",
	"onweyi": "自接",
	"onwukam": "激照環m",
	"onwusasìṃ": "激照憬横ṃ",
	"onwuzìsìṃ": "激照送横ṃ",
	"onyesa": "激角憬",
	"onye": [
		"o衣",
		"激衣"
	],
	"onyìnye": "激ny角",
	"onyìnyo": "ony殖",
	"onyokiri": "激殖熊",
	"onyoma": "激殖丸",
	"onyomanche": "激殖丸備",
	"onyoobì": "激殖心",
	"onyonkiri": "激殖n熊",
	"onyonta": "激殖掘",
	"onyomnta": "激殖m掘",
	"ose": [
		"錯",
		"支"
	],
	"oseta": "激砂怠",
	"osega": "o砂火",
	"oseke": "混",
	"oseìhu": "激砂市",
	"osì": "激宗",
	"osìkapa": "塞",
	"osìse": "桟",
	"osìseìhu": "桟市",
	"osoma": "曲",
	"osu": "嬢",
	"osuagugu": "嬢a感感",
	"osuanumanu": "嬢嵐m嵐",
	"osunde": "嬢n肝",
	"osungu": "嬢n感",
	"osuora": "嬢士",
	"owere": "代",
	"owebata": "激各貝怠",
	"owu": "創",
	"owulu": "o恐lu",
	"owuwu": "ow照w照",
	"owu": [
		"署",
		"債",
		"遡"
	],
	"owumiri": "署水",
	"owumirioke": "署水男",
	"oyì": "激族",
	"oyinu": "o亀肯",
	"oze": "殻",
	"ozioku": "激送遠",
	"ozu": "o酵",
	"ozuzo": "雨",
	"ozuzo": "激暑教",
	"ogwe": [
		"拒",
		"維",
		"違"
	],
	"ogweaka": "拒稼",
	"ogwende": "維n肝",
	"ogwenko": "違n擬",
	"ogweṃkpado": "拒ṃ飼災",
	"ogweukwu": "拒扱",
	"oka": "o器",
	"okike": "o魅",
	"okuo": "彰",
	"ote": "o醜",
	"otemute": "o醜mu醜",
	"otoroobi": "o享ro潤",
	"otu": "一",
	"otuakara": "一妻",
	"otumkpuru": "一画",
	"otuuda": "一校",
	"ube": "鍵",
	"ubu": "冊",
	"uchìchì": "u襟襟",
	"uchu": "u績",
	"ude": "u縦",
	"udele": "根",
	"ude": [
		"国",
		"黒"
	],
	"udeelu": "黒上",
	"udemma": "黒m肢",
	"udì": "骨",
	"udìmadu": "骨人",
	"udochì": "u災襟",
	"udo": "去",
	"udu": [
		"籍",
		"算"
	],
	"uduanwu": "算日",
	"uduoyi": "算苛",
	"udunchara": "算少",
	"udumiri": [
		"算水",
		"籍水"
	],
	"ufesi": "穀",
	"ufesimiri": "穀水",
	"ufe": "u均",
	"ufo": "uf茎",
	"ugbo": "行",
	"ugburu": "切",
	"ugburuole": "切o廊",
	"ugbu": "演",
	"ugbuaa": "演継",
	"ugbuugbuaa": "演演継",
	"ugwu": "淡",
	"ugo": [
		"充",
		"古"
	],
	"ugofu": "u摂",
	"ugoagwo": "古蛇",
	"ugoazu": "古街",
	"ugoocha": "充皇",
	"uhudạ": "緯",
	"uju": "u埋",
	"ujuike": "u埋果",
	"ukporo": "井",
	"ukpu": "中",
	"ukwe": "施",
	"ukwu": "居",
	"ukwuagwa": "居嫌",
	"ukwuego": "居架",
	"ukwunku": "居奇",
	"ukwunzo": "居n教",
	"ukwu": "存",
	"uke": "u捜",
	"ukenye": "u捜角",
	"ukeno": "u捜帰",
	"ule": "u浪",
	"umemba": "u壊桜",
	"umeoyi": "u壊挙",
	"umì": "u琴",
	"une": "u賢",
	"unuzìṃ": "unu送ṃ",
	"ure": "u漸",
	"ure": [
		"u像",
		"u津"
	],
	"urì": [
		"縄",
		"u軒"
	],
	"urìrì": "u稿",
	"urìanwu": "縄日",
	"urìurì": "縄縄",
	"urìonu": "縄口",
	"uroro": "采",
	"uroromiri": "采水",
	"uru": "短",
	"usekwu": "箇",
	"usi": "u硝",
	"ute": "疑",
	"utì": "u駆",
	"utukpe": "u献",
	"uwe": "岩",
	"uweaka": "岩稼",
	"uweotu": "岩塩",
	"uweobì": "岩心",
	"uweoji": "岩越",
	"uwenzo": "岩n教",
	"uweokpa": "岩o戴",
	"uweukwu": "岩扱",
	"uzede": "障縦",
	"uzeanu": "u障尋",
	"uzì": "像",
	"uzu": "摂",
	"uzuzo": "u暑教",
	"uzo": "u窟",
	"uzode": "u窟縦",
	"uzuzo": "u釜釜",
	"ube": "u干",
	"ubì": [
		"史",
		"u撮"
	],
	"ubìrì": "u奇",
	"ubom": "殺",
	"ubu": "搾",
	"uche": "虞",
	"uchezu": "u崖酵",
	"ucheabuo": "虞二",
	"ude": "u晶",
	"ude": "u神",
	"udediri": "u肝情ri",
	"udenyeego": "u肝角架",
	"udezì": "u肝送",
	"udeaku": "u神成",
	"udeokpete": "u神o憲",
	"udeoyi": "u神苛",
	"udo": "u災",
	"ufere": "u研",
	"ugbene": "央",
	"ugboko": "給",
	"ugbo": [
		"節",
		"叫"
	],
	"ugwu": "忠",
	"uhìe": "移",
	"uhu": "想",
	"ujezì": "u敢探",
	"ujeala": "u換土",
	"ujeelu": "u換上",
	"ujuru": "u順",
	"ukpe": [
		"ukp遇",
		"献"
	],
	"ukpesa": "ukp裾糸",
	"ukpengwa": "ukp遇暫",
	"ukweohere": "u仰料",
	"ukwu": "後",
	"ukwueze": "後骸",
	"ukwuosisi": "後木",
	"ukwuoso": "後矯",
	"ukwu": "大",
	"ukoro": [
		"震",
		"坑"
	],
	"ukorogwugwu": "坑強強",
	"ukoroosisi": "坑木",
	"ule": "u浪",
	"ule": "u香",
	"ulema": "u浪雲",
	"umesa": "u壊公",
	"ume": "憎",
	"umeju": "築",
	"umere": [
		"湖",
		"竹"
	],
	"umerendu": "竹艶",
	"umeanyaanwu": "憎目日",
	"unye": "u角",
	"unyeta": "u角怠",
	"unyeaka": "u角稼",
	"unyì": "u詳",
	"unyoche": "u殖害",
	"une": "鎖",
	"unereezì": "鎖豚",
	"unenta": "鎖掘",
	"unu": "対",
	"ununwạ": "対怠",
	"unupuzìṃ": "unupu送ṃ",
	"ununsepuzìṃ": "ununsepu送ṃ",
	"unukuzìṃ": "unuku送ṃ",
	"upapa": "u客客",
	"uri": [
		"u易",
		"操"
	],
	"urodì": "u帯",
	"uru": [
		"嘱",
		"誕"
	],
	"urukpu": "昆",
	"uruahi": "誕a走",
	"uruuru": "嘱嘱",
	"usa": [
		"u糸",
		"u公"
	],
	"use": "u据",
	"usense": [
		"u据n据",
		"u砂n砂"
	],
	"usoro": "還",
	"usorousoro": "還還",
	"usoromiri": "還水",
	"usoroonoduuwagburu": "還残世壌",
	"usorooyi": "還撃接",
	"usorooyiime": "還撃接拐",
	"ute": [
		"u醜",
		"悪"
	],
	"utenya": "u儒威",
	"utite": "u需需",
	"uto": "u享",
	"utoga": "u享ga",
	"uwenye": "u各角",
	"uyi": "u接",
	"uzere": "uz彰",
	"uzìkpe": "u送kp遇",
	"uzuuche": "u喉虞",
	"uzuzu": "叔",
	"uzuzuuzuzu": "叔叔",
	"uuda": "傷校n",
	"nbulì": "n穫結",
	"ncha": "飢",
	"nchafu": "n差階",
	"nchanaanwu": "n沙営日",
	"nchara": "少",
	"nchekwube": "n心",
	"ncheta": "n崖怠",
	"nchebì": "n害韻",
	"nchedo": "n害災",
	"nchefu": "n崖鏡",
	"nchenye": "n崖角",
	"nchetu": [
		"n崖興",
		"n崖tu"
	],
	"nchewa": "n崖wa",
	"nchezo": "n崖z鏡",
	"ncheanwu": "n害日",
	"nchendo": "n害護",
	"nchi": "進",
	"nchiri": "n厚ri",
	"nchi": "n司",
	"nchicha": "n綺綺",
	"nchidiala": "n司忌土",
	"nchiaku": "n司圧",
	"nchieze": "n司王",
	"nchiude": "n司黒",
	"nchioha": "n司院",
	"ncho": "n要",
	"nchofuta": "n要階怠",
	"nchohiri": "n要走ri",
	"nchomma": "n要m煙",
	"nchugbu": "n言恩",
	"ndere": "渉",
	"ndasi": "玻",
	"ndabere": "n員bere",
	"ndatu": "n員額",
	"nde": "n縦",
	"nde": "n肝",
	"ndebanye": "n肝貝角",
	"ndeda": "n肝係",
	"ndedam": "n肝係m",
	"ndedi": "n肝情",
	"ndediri": "n肝情ri",
	"nderu": "n神睡",
	"ndetu": "n肝額",
	"ndeekpe": "n肝e匠",
	"ndeelu": "n肝上",
	"ndìrì": "剤",
	"ndiri": "n情ri",
	"ndiruuta": "n脚奥怠",
	"ndo": "誰",
	"ndozo": "n災窟",
	"ndoba": "n俗貝",
	"ndozi": "n豪",
	"ndu": "n及",
	"ndubata": "n及貝怠",
	"ndi": [
		"以",
		"挑"
	],
	"ndigboo": "以甲",
	"ndimadu": "以人",
	"ndinaotu": "n延営一",
	"ndiaa": "以継",
	"ndiabalidiegwu": "以曖延録",
	"ndianwạ": "以a色",
	"ndiasi": "以臆",
	"ndiagha": "以援",
	"ndiakwukwo": "以葉",
	"ndiakaebe": "以a腎",
	"ndiatauta": "以a樹u樹",
	"ndiegbe": "以造",
	"ndiegwu": "以易",
	"ndieke": "以e乙",
	"ndieluala": [
		"以上土",
		"以上土土営慶"
	],
	"ndiikwu": "以作",
	"ndiimeobodo": "以拐詠",
	"ndiimeotu": "以拐塩",
	"ndiobodo": "以詠",
	"ndiochie": "以o長",
	"ndiogo": "以餓",
	"ndioru": "以践",
	"ndioshi": "以精",
	"ndiotu": "以建",
	"ndiude": "以黒",
	"ndiufe": "以u均",
	"ndiuweoji": "以岩越",
	"ndinfe": "以n轄",
	"ndingo": "以船",
	"ndinle": "以n浪",
	"ndinzute": "以n凹醜",
	"ndinche": "以備",
	"ndindochì": "以n災襟",
	"ndimbamiri": "以桜水",
	"ndimgbaga": "以m碁火",
	"ndiṃgbe": "以慎",
	"ndiihnye": "以椅",
	"ndiogbaohere": "以持料",
	"ndiumeohere": "以動料",
	"ndiumenzo": "以動n窟",
	"ndiuwa": "以世",
	"ndoka": "n急謁",
	"ndoli": "抽",
	"ndu": [
		"n収",
		"但",
		"艶"
	],
	"ndugbuoyi": "n収恩苛",
	"ndugbuoku": "n収恩遠",
	"ndukwu": "彫",
	"ndumaoku": "n収m遠",
	"ndusìṃ": "艶横ṃ",
	"ndundu": [
		"n収n収",
		"艶艶"
	],
	"ne": "温",
	"nedi": "温閲",
	"neegwu": "温易",
	"neele": "温e嵐",
	"neewi": "温祈",
	"neewu": "温活",
	"neochie": "温o長",
	"nene": "温温",
	"nena": "温穏",
	"neṃgbada": "温ṃ嵐",
	"neuzu": "温打",
	"nfanye": "n岐角",
	"nfeje": "n轄換",
	"nfefuuda": "n轄階校",
	"ngbafeuda": "n互轄校",
	"ngbaje": "n互換",
	"ngbasaozi": "n碁憬託",
	"ngbaaria": "n互a壌",
	"ngbee": "n己",
	"ngboobara": "n誤話",
	"ngboume": "n誤動",
	"ngbunaahu": "n恩営頑",
	"ngbuanu": "n恩尋",
	"ngelenge": "兆",
	"nghari": "n絞ri",
	"nghota": "ngh挟怠",
	"ngwere": "懸",
	"ngwereegwu": "懸録",
	"ngwa": [
		"暫",
		"決"
	],
	"ngwaahia": "暫宜",
	"ngwaaria": "n高a壌",
	"ngwaozi": "n僅託",
	"ngwangwa": "決決",
	"ngwanje": "暫n敢",
	"ngwaokundu": "暫遠n収",
	"ngwaoruu": "暫o奥",
	"ngwe": "n消",
	"ngwongwo": "暫暫",
	"ngwo": "n惧",
	"ngwota": "n惧怠",
	"ngwozu": "n惧喉",
	"ngazi": "n火向",
	"nga": "孝",
	"ngafe": "n火轄",
	"nganga": "孝孝",
	"ngo": [
		"n酎",
		"船",
		"n測"
	],
	"ngodo": "辛",
	"ngodomanya": "辛限",
	"ngoli": "n測結",
	"ngonye": "n測角",
	"ngooruu": "n測o奥",
	"ngugu": "爽",
	"nguguego": "爽架",
	"ngi": "n佳",
	"ngiga": "茨",
	"ngigaazu": "茨街",
	"ngo": [
		"壮",
		"旋"
	],
	"ngori": "楽",
	"ngozi": "n岳向",
	"ngongo": "n爽n爽",
	"nguko": "n感歌",
	"nguma": "n感ma",
	"ngunkwachi": "n感n禁襟",
	"nhaka": "n奏柵",
	"nhazi": "n奏向",
	"nha": "n束",
	"nhìkozi": "n如歌送",
	"nhi": "n須",
	"nhiri": "n走ri",
	"nhofuta": "n錦階怠",
	"nhuuru": "n穂ru",
	"nje": [
		"蚊",
		"n換"
	],
	"njedebe": "n換豪be",
	"njefu": "n換階",
	"njeje": "n敢敢",
	"njeaka": "蚊稼",
	"njenje": "n敢n敢",
	"njìde": "n議豪",
	"njikere": "n増re",
	"njiko": "n議歌",
	"njikooha": "n議歌院",
	"njiri": "n議ri",
	"nju": "n埋",
	"njuanya": "n埋目",
	"njuobì": "n埋心",
	"njo": [
		"n誇",
		"化"
	],
	"nkpe": "n匠",
	"nkpebì": "n匠裾",
	"nkpesa": "nkp裾糸",
	"nkpilì": "繊",
	"nkpoko": "n使歌",
	"nkpo": "n繰",
	"nkpoba": "n愚貝",
	"nkpobaaku": "n愚貝圧",
	"nkpomi": "n繰試",
	"nkponaala": "n繰営土",
	"nkponaelu": "n繰営上",
	"nkporo": "姉",
	"nkpoakum": "n繰成m",
	"nkpooku": "n繰遠",
	"nkwa": [
		"懐",
		"n餌"
	],
	"nkwado": "n餌災",
	"nkwamgbako": "懐m互歌",
	"nkwaba": "n禁貝",
	"nkwafu": "n禁階",
	"nkwaìkpe": "n禁装",
	"nkwangwo": "n禁n惧",
	"nkwaogwo": "n禁撃惧",
	"nkweba": "n仰貝",
	"nkwebaulo": "n仰貝家",
	"nkwebì": "n仰原",
	"nkwefe": "n仰轄",
	"nkweke": "n仰捜",
	"nkwekota": "n仰歌怠",
	"nkwenyee": "n仰角",
	"nkweuche": "n仰虞",
	"nkwufuta": "n鋭階怠",
	"nkwute": "n鋭te",
	"nkwutere": "n鋭tere",
	"nkwuto": "n鋭夕",
	"nkwu": "棋",
	"nkwufu": "n禅階",
	"nkata": "n器怠",
	"nkataala": "n器土",
	"nkataomuma": "n器丸",
	"nkataume": "n器動",
	"nkankwu": "n胃脊",
	"nka": "n項",
	"nkade": "n謁肝",
	"nkataobì": "n環ta心",
	"nkanzììhìnwaìcheku": "n項n送市子詳",
	"nkam": [
		"n戦緩",
		"n戦"
	],
	"nkamenyi": "n戦関",
	"nke": "n捜",
	"nkebì": "n捜韻",
	"nkefu": "n傑階",
	"nkeli": [
		"n乙li",
		"n傑結"
	],
	"nkereoso": "n乙re夏",
	"nketo": "n乙夕",
	"nkeebo": "n捜刷",
	"nkeime": "n乙妊",
	"nkiri": "n嗅ri",
	"nkonko": "n盛",
	"nkonkoisi": "n盛簡",
	"nkuzi": [
		"n蓋探",
		"n蓋向"
	],
	"nkiri": "n熊",
	"nkirinari": "n熊巧",
	"nkirioha": "n熊院",
	"nkita": "孤",
	"nkitaigwe": "孤亜",
	"nko": [
		"陣",
		"寝"
	],
	"nkocha": "n揮選",
	"nkohaano": "陣挫四",
	"nkokwuato": "陣隅三",
	"nkokata": "n揮器怠",
	"nkokiriko": "n揮k揮",
	"nkoanoaba": "陣四慶",
	"nkomgbaato": "陣m碁三",
	"nku": [
		"奇",
		"洗"
	],
	"nkuri": "奇軒",
	"nkuwa": "n正胃",
	"nlafu": "n机階",
	"nle": "n浪",
	"nleda": "n浪員",
	"nledaanyaanwu": "n浪員目日",
	"nledaeluala": "n浪員上土",
	"nlekota": "n浪歌怠",
	"nleli": "n浪錮",
	"nleanwu": "n浪日",
	"nluzo": "n隻何",
	"nlufu": "n隻鏡",
	"nluka": "n完環",
	"nmeri": "n壊賛",
	"nnyoche": "n殖害",
	"nnyomì": "穴",
	"nnyocha": "n殖選",
	"nnyowa": "n殖wa",
	"nnyoza": "n殖勾",
	"nnufu": "n蒸階",
	"nnufunampìo": "n蒸階営m旺",
	"nnobì": "n帰剁",
	"nnochianya": "n帰襟目",
	"nnoko": "n帰歌",
	"nrrigbu": "n概恩",
	"nranye": "散",
	"nra": "n嫁",
	"nranaike": "n嫁i呉",
	"nri": "猿",
	"nriji": "猿毀",
	"nriabali": "猿曖",
	"nrianyasi": "猿漏",
	"nriakpu": "猿小",
	"nrianu": [
		"猿尋",
		"猿嵐"
	],
	"nriezì": "猿豚",
	"nriooka": "猿黍",
	"nriuha": "猿措",
	"nro": "n困",
	"nrole": "n丈浪",
	"nruko": "n睡歌",
	"nru": "n達",
	"nro": "n掌",
	"nruro": "n掌掌",
	"nruubelu": "n奥b上",
	"nruufu": "n奥階",
	"nruufuta": "n奥階怠",
	"nruuko": "n奥歌",
	"nruukota": "n奥歌怠",
	"nruulì": "n奥結",
	"nruunaotu": "n奥営一",
	"nruuta": "n奥怠",
	"nruuzu": "n奥酵",
	"nsa": "n公",
	"nsara": "n糸ra",
	"nsam": "幸",
	"nsedo": "n据災",
	"nsejì": "n据議",
	"nsìisì": "n横浸",
	"nsìosì": "n横o横",
	"nsìowu": "n横署",
	"nsìnaocha": "n横営皇",
	"nsìonwa": "n横慰",
	"nsi": [
		"銀",
		"危"
	],
	"nsibiri": "字",
	"nsibiriuyi": "字u接",
	"nsibirioha": "字院",
	"nsinwaạnyi": "危子女",
	"nsiegbe": "危機",
	"nsocho": "n駅要",
	"nsogbu": "n題",
	"nsokwu": "俊",
	"nso": [
		"n汚",
		"可"
	],
	"nsopuru": "n汚争",
	"nsu": "n蹴",
	"nta": "掘",
	"ntakiri": "掘熊",
	"ntabì": "n涯韻",
	"ntabìala": "n涯韻土",
	"ntabìokwu": "n涯韻依",
	"ntabìnkata": "n涯韻器",
	"ntabialaubani": "n涯韻土ubani",
	"nteaka": "n査雇",
	"nti": "n希",
	"ntiba": "n希貝",
	"ntigwa": "n希高",
	"ntikota": "n希歌怠",
	"ntoba": "n享貝",
	"ntojì": "n享議",
	"ntokwe": "n享仰",
	"ntoli": "n享結",
	"ntonwe": "n享禾",
	"ntonye": "n享角",
	"ntutu": "拡",
	"nti": "規",
	"nto": "n夕",
	"ntonru": "n夕n達",
	"ntu": [
		"宵",
		"囲",
		"拠"
	],
	"ntughalìe": "n核硬結e",
	"ntughari": "n核硬ri",
	"ntughanya": "n終gh目",
	"ntukwasiobì": "n終餌横心",
	"ntumadi": "n漢",
	"ntumaokìke": "n終隔枝",
	"ntunye": "n終角",
	"ntuziaka": "n終向稼",
	"ntuegbe": "拠機",
	"ntuntu": "拠拠",
	"nvulì": "n穫結",
	"nvo": "会",
	"nwakaahu": "n胃器頑",
	"nwebata": "n各貝怠",
	"nwebatu": "n各貝額",
	"nza": "戦",
	"nzaje": "n勾敢",
	"nza": "救",
	"nzabo": "n勾辞",
	"nzacha": "n勾考",
	"nzìbata": "n送貝怠",
	"nzìfuihnye": "n探階偉",
	"nzìnye": "n送角",
	"nzìzì": "n探探",
	"nzìzìtennyo": "n探探査n殖",
	"nzììhìnwaìcheku": "n送市子詳",
	"nzììhu": "n送市",
	"nzi": "n向",
	"nzizi": "n向向",
	"nzo": "n教",
	"nzodo": "n教災",
	"nzu": "n酵",
	"nzuko": "n酵歌",
	"nzukoobodo": "n酵歌詠",
	"nzunaotu": "n酵営otu",
	"nzugbu": "n暑恩",
	"nzuju": "n堪埋",
	"nzuzu": "n埼",
	"nzo": "n窟",
	"nzu": "悦",
	"nzumuta": "n慣黄怠",
	"nzuta": "n凹怠",
	"na": "穏",
	"nadi": "穏閲",
	"naochie": "穏o長",
	"naukwu": "穏大",
	"nana": "穏穏",
	"nauzu": "穏打",
	"na": "n峡",
	"nadi": "羽",
	"nari": "巧",
	"ne": "裁",
	"nìhusìṃ": "n市横ṃ",
	"nu": [
		"傷",
		"肯"
	],
	"nuokpete": "肯o憲",
	"nuukwu": "傷大",
	"nuukwute": "傷大te",
	"nunu": "肯肯",
	"nu": "静",
	"nunu": "状",
	"n糸igwensa": "級",
	"nbìfuta": "n原階怠",
	"nchabasìṃ": "n差和横ṃ",
	"nchara": "n少",
	"nchaoyisìṃ": "n差苛横ṃ",
	"nche": "備",
	"nchì": [
		"稿",
		"柔"
	],
	"nchìchì": "稿刹",
	"nchichi": "n刹",
	"nchichiafooḣuru": "n刹遺新",
	"nda": [
		"n員",
		"値",
		"n産員",
		"着"
	],
	"ndaa": "n喝",
	"ndaba": "域",
	"ndajì": "n員警",
	"ndanga": "値吉",
	"ndaeme": "n喝宛壊",
	"ndafuta": "n員階怠",
	"ndaaluu": "n喝a奥",
	"ndaaluuoluu": "n喝a奥o奥",
	"ndaeje": "n喝宛換",
	"nde": [
		"n肖",
		"尚",
		"n肝",
		"衡"
	],
	"ndele": "后",
	"ndende": "衡衡",
	"ndeṃ": "n肝ṃ",
	"ndeerì": "n曖",
	"ndeewo": "喝",
	"ndende": "n晶n晶",
	"ndìdì": "n脚脚",
	"ndo": "護",
	"ndochì": "n災襟",
	"ndodo": "n災圧",
	"ndoziwaria": "n豪waria",
	"ndoanya": "護目",
	"ndo": "語",
	"ndudu": "柱",
	"ndu": "昼",
	"nduonu": "昼口",
	"ndi": "n廊",
	"ndo": "n急",
	"ndogba": "n急互",
	"ndoti": "n急軸",
	"ndondo": "n急n急",
	"ndudu": "摯",
	"ndunaezi": "n対営紅",
	"nfe": "n轄",
	"nfuoge": "n鏡潰",
	"ngbasì": "n佐横",
	"ngbumadu": "n恩人",
	"ngwu": [
		"稽",
		"証"
	],
	"ngworo": "腺",
	"nga": [
		"逸",
		"劾",
		"吉"
	],
	"ngada": [
		"n章",
		"n戚",
		"ng員"
	],
	"ngajì": "雌",
	"nganiile": "劾資",
	"ngaaa": "劾継",
	"ngaahu": "劾吟",
	"ngaole": "劾o廊",
	"nganga": "吉吉",
	"nguru": "渋",
	"ngiri": "粗",
	"ngo": "n船",
	"ngu": "症",
	"ngugu": "症gu",
	"nguru": "n感達",
	"nguoge": "n感潰",
	"nha": [
		"n束",
		"n譲",
		"n奏"
	],
	"nhaba": "n循ba",
	"nhanzu": "n譲滞",
	"nhaka": "n挫韓",
	"nhe": "n足",
	"nhìgba": "n象佐",
	"nhika": "n滋柵",
	"nho": "n錦",
	"nja": "n協",
	"njakiri": "紺",
	"nje": "n敢",
	"njeṃ": [
		"n換ṃ",
		"n為"
	],
	"njeonu": "n敢口",
	"nje": "張",
	"njekiri": "張熊",
	"njeala": "n換土",
	"njeelu": "n換上",
	"njeoria": "張o渦",
	"njìrì": "n職rì",
	"njìoku": "n議遠",
	"njìokuji": "n議遠毀",
	"njo": "n誇",
	"nju": "n絵",
	"njuugwo": "n潟刊",
	"nkwa": [
		"n餌",
		"n違",
		"n禁",
		"槽"
	],
	"nkwu": "n脊",
	"nkwo": "陰",
	"nkwoukwu": "陰大",
	"nkwonta": "陰掘",
	"nka": "n柵",
	"nkata": "瞬",
	"nkataabo": "瞬a瞬",
	"nkawa": "n柵胃",
	"nkaahu": "n柵頑",
	"nkaokwu": "n柵依",
	"nkapi": "n稿",
	"nke": "外",
	"nkejì": "n捜折",
	"nkekanke": "外環外",
	"nkelu": "n劇",
	"nkisi": "促",
	"nko": "n擬",
	"nkupa": "n券客",
	"nkume": "今",
	"nkiti": [
		"洪",
		"恒"
	],
	"nkitinkiti": "恒恒",
	"nkolo": "栓",
	"nkolooojoo": "栓oo誇",
	"nku": "条",
	"nkukiri": "条熊",
	"nkuuse": "条u据",
	"nkunta": "条掘",
	"nla": "n喚",
	"nlaazu": "n机暇",
	"nlenle": "n浪n浪",
	"nlee": "n廊",
	"nnwạ": "n色",
	"nnyeṃaka": "n角ṃ稼",
	"nnochì": "n帰襟",
	"nra": "n院",
	"nraba": "n前貝",
	"nreje": "n漸換",
	"nrì": "n象",
	"nru": [
		"n困",
		"城"
	],
	"nriaria": "n渦a壌",
	"nshiko": "騎",
	"nseṃokwu": "n価ṃ依",
	"nsìseìhu": "n桟市",
	"nso": "鉱",
	"nsi": "n隙",
	"nso": "n汚",
	"nsuka": "n蹴環",
	"nta": "軌",
	"ntente": "n儒n儒",
	"nte": "n醜",
	"nteanya": "n査目",
	"ntì": "弓",
	"ntìkota": "n希歌怠",
	"ntìrì": "n酬",
	"ntu": "寸",
	"ntisaahu": "n軸憬頑",
	"ntisì": "n軸横",
	"nto": "n夕",
	"ntu": "n索",
	"ntumuru": "n興潜ru",
	"nwara": "n胃ra",
	"nyìjì": "n接議",
	"nze": "n障",
	"nzere": "n障re",
	"nzereokwu": "n障re依",
	"nzì": "n探",
	"nzìze": "n障障",
	"nzìzo": "n催",
	"nzo": "n教",
	"nzu": "滞",
	"nzuzo": "n暑教",
	"nzuzu": "n暑暑",
	"nzodoanumạnu": "n窟do嵐m嵐",
	"noo": "鉛",
	"n嗣igwenchi": "級",
	"m": "征",
	"mbe": "壱",
	"mba": [
		"翁",
		"桜"
	],
	"mbagbu": "m和恩",
	"mbagide": "m和掴豪",
	"mbarri": "桜概",
	"mbara": "m確",
	"mbazìda": "m貝送係",
	"mbazida": "m貝送係",
	"mbaano": "桜四",
	"mbaìse": "桜五",
	"mbaìtoolu": "桜九",
	"mbamiri": "桜水",
	"mbada": "m貝員",
	"mbadamba": "m慶慶",
	"mbe": [
		"m酢",
		"貸"
	],
	"mbem": "m干m",
	"mbeulo": "貸家",
	"mbìbì": "止",
	"mbìchi": "m剁襟",
	"mbìchi": "m剁司",
	"mbìkota": "m剁歌怠",
	"mbido": "m右",
	"mbifuta": [
		"m原階怠",
		"m塊階怠"
	],
	"mbifutaagomu": "m塊階怠酎格",
	"mbifutaomì": "m塊階怠o琴",
	"mbiwa": "m韻胃",
	"mbiakwute": "m宇衛醜",
	"mbubo": "m阻阻",
	"mbubu": "m収収",
	"mbo": [
		"声",
		"叙",
		"拾",
		"m阻"
	],
	"mboude": "叙国",
	"mbubo": [
		"m錮阻",
		"m窮"
	],
	"megbu": "m壊恩",
	"menaudo": "m壊営去",
	"mgbachi": "m碁襟",
	"mgbaga": "m碁火",
	"mgbaji": [
		"m左折",
		"断"
	],
	"mgbakwu": "m疫衛",
	"mgbakwuotu": "m疫衛塩",
	"mgbako": "m疫歌",
	"mgbanwe": "m碁nwe",
	"mgbara": "m疫前",
	"mgbaru": "m互達",
	"mgbasa": "m碁憬",
	"mgbawa": [
		"m碁胃",
		"m左胃"
	],
	"mgbawaobì": "m左胃心",
	"mgbaala": "m互土",
	"mgbaegwu": "m互易",
	"mgbede": "号",
	"mgbere": "技",
	"mgbereke": "偽",
	"mgberekeozi": "偽託",
	"mgbereohu": "技唄",
	"mgbereohuohìmiri": "技唄激須水",
	"mgbidi": "刺",
	"mgbo": "旺",
	"mgbu": "紫",
	"mgbucha": "m恩選",
	"mgbi": "渓",
	"mgbo": [
		"丘",
		"脂"
	],
	"mkpa": [
		"宴",
		"m飼"
	],
	"mkpako": "m乱歌",
	"mkpara": "糾",
	"mkpari": "m諮",
	"mkpebì": [
		"m匠裾",
		"m匠韻"
	],
	"mkpebìuche": "m匠韻虞",
	"mkpekere": "m眼",
	"mkpekereazu": "m眼街",
	"mkpekerentu": "m眼拠",
	"mkpesa": "m匠sa",
	"mkpìlìkpì": "児",
	"mkpìlìoge": "児潰",
	"mkpìlìnkiri": "児n熊",
	"mkpogo": "治",
	"mkpomkpo": "酬酬",
	"mkpu": [
		"気",
		"習",
		"就"
	],
	"mkpuchianwu": "m晴襟日",
	"mkpisi": "犠",
	"mkpisiaka": "犠稼",
	"mkpisiakuku": "犠革",
	"mkpisiukwu": "犠扱",
	"mkpochi": "m愚襟",
	"mkpokoru": "述",
	"mkpole": "m梗",
	"mkposu": "m憾周",
	"mkpu": [
		"m姓",
		"週"
	],
	"mkpuru": "画",
	"mkpuruamu": "画染",
	"mkpuruasusu": "画喫",
	"mkpuruego": "画架",
	"mkpuruobì": "画心",
	"mkpuruokwu": "画依",
	"mkpurunsibiri": "画字",
	"mkpumkpu": "週週",
	"mmebo": "m壊辞",
	"mmefuta": "m壊階怠",
	"mmegbu": "m壊恩",
	"mmegwa": "m壊gw遭",
	"mmejo": "m壊誇",
	"mmekwe": "m壊仰",
	"mmeka": "m壊韓",
	"mmelite": "m壊結醜",
	"mmetu": "mm塊終",
	"mmetuonwe": "mm塊終自",
	"mmalite": "m件結醜",
	"mma": [
		"m煙",
		"m肢"
	],
	"mmafuobì": "m隔階心",
	"mmaji": "m肩折",
	"mmanye": "m隔nye",
	"mmatu": "m隔興",
	"mmaonwu": "m煙音",
	"mmebì": "m死",
	"mmechi": "m偶襟",
	"mmuta": "m黄怠",
	"mmutanzo": "m黄怠n教",
	"mmutamma": "m黄怠m煙",
	"mmuzi": "m黄向",
	"mmuzinzo": "m黄向n教",
	"mmuzioha": "m黄向院",
	"mpazi": "m客送",
	"mpaghara": "m客策ra",
	"mpempe": "m塾",
	"mpìo": "m旺",
	"maoge": "氏窮",
	"mankwu": "氏棋",
	"mamkpa": "氏mkp韻",
	"maṃkpa": "氏誌",
	"makum": "成",
	"manya": "限",
	"manyankwu": "限棋",
	"manyaooka": "限黍",
	"manyauka": "限頃",
	"manu": "貨",
	"manuañu": "貨我",
	"manuigwe": "貨i級",
	"me": "m話",
	"meme": "m話m話",
	"miri": "水",
	"mirichiukwu": "水魂大",
	"miriakwa": "水a該",
	"mirianu": "水尋",
	"miriarra": "水乳",
	"mirimiri": "水水",
	"miriojoo": "水o誇",
	"mmmegho": "m壊刈",
	"muoo": "霊",
	"muooozi": "霊託",
	"muooojoo": "霊o誇",
	"m憾mkpomkpo": "m憾",
	"ṃberede": "ṃ題",
	"ṃba": "財",
	"ṃbazìda": "ṃ貝送係",
	"ṃbazida": "ṃ貝送係",
	"ṃbaṃmuo": "ṃ和ṃ霊",
	"ṃba": "硝",
	"ṃbara": "住",
	"ṃbaraji": "師毀",
	"ṃbarauwa": "住世",
	"ṃbam": "ṃ欺",
	"ṃbì": [
		"ṃ剁",
		"ṃ原",
		"ṃ塊"
	],
	"ṃbìahia": "ṃ韻宜",
	"ṃbìizu": "ṃ韻戸",
	"ṃbìokwampazi": "ṃ塊m客送",
	"ṃbo": "ṃ阻",
	"ṃborogwu": "本",
	"ṃbu": "顎",
	"ṃfe": [
		"慨",
		"ṃ轄"
	],
	"ṃgbe": "ṃ制",
	"ṃgba": "獣",
	"ṃgbada": [
		"告",
		"ṃ嵐"
	],
	"ṃgbara": [
		"粛",
		"従"
	],
	"ṃgbaama": "ṃ鶏健",
	"ṃgbamgba": "ṃ互m互",
	"ṃgba": [
		"畳",
		"苦"
	],
	"ṃgbe": [
		"慎",
		"解",
		"遣"
	],
	"ṃgbeniile": "解資",
	"ṃgbeagbara": "慎空",
	"ṃgbeole": "解o廊",
	"ṃgbeoruru": "解o達達",
	"ṃgbeozì": "慎o探",
	"ṃgbenka": "慎柵",
	"ṃgbenle": "慎n浪",
	"ṃgbeobula": "解撃郷la",
	"ṃgbeogwu": "慎巻",
	"ṃgbodo": "刑",
	"ṃgbo": "ṃ甲",
	"ṃgbulugudu": "詞",
	"ṃgbuoku": "詞遠",
	"ṃgbo": "視",
	"ṃgboto": "仮",
	"ṃgbugbo": "ṃ恣",
	"ṃgbugboidide": "ṃ恣i張",
	"ṃkpa": [
		"賜",
		"ṃ飼",
		"誌"
	],
	"ṃkpacha": "誌酸",
	"ṃkpado": "ṃ飼災",
	"ṃkpalaabu": "ṃ戴laa拒",
	"ṃkpara": "次",
	"ṃkpauda": "ṃ飼校",
	"ṃkpaabu": "ṃ戴a拒",
	"ṃkpìlìsì": "事",
	"ṃkpi": [
		"耳",
		"期"
	],
	"ṃkpilite": "似",
	"ṃkpiokpu": "期o甘",
	"ṃkpu": "段",
	"ṃkpi": "侍",
	"ṃkpo": [
		"愁",
		"集"
	],
	"ṃkpooku": "ṃ繰遠",
	"ṃmefìe": "ṃ壊曽e",
	"ṃmeṃe": "ṃ壊壊",
	"ṃmazu": "ṃ肩酵",
	"ṃmazuaghoobazìda": "ṃ肩酵agh挟撃貝送係",
	"ṃparaoku": "ṃ客ra遠",
	"ṃpoma": "斬",
	"ṃagwasìṃ": "綱横",
	"ṃalasìṃ": "土横",
	"ṃabaṃ": "示",
	"ṃakoṃ": "汰",
	"ṃ真ṃbaraṃba": "ṃ真ra",
	"ạnyi": "女",
	"i": [
		"願",
		"台"
	],
	"ibai": "戒",
	"iba": [
		"眺",
		"除",
		"台逸"
	],
	"ibaacha": "除a酸",
	"ibaokpuru": "除弱",
	"igba": "岡",
	"igbankwu": "台鶏棋",
	"igbankwunwaạnyi": "台鶏棋子女",
	"igbirigba": "勤勤",
	"igbo": "台冊",
	"iga": "台楷",
	"iga": "勤",
	"iguafo": "i感遺",
	"ihnye": [
		"欠",
		"椅",
		"偉"
	],
	"ihnyere": "申",
	"ihnyeaa": "欠継",
	"ihnyeafo": "欠袖",
	"ihnyeagbara": "欠空",
	"ihnyeaghoo": "欠a遜",
	"ihnyeahia": "欠宜",
	"ihnyeahu": "欠吟",
	"ihnyeebube": "欠紳",
	"ihnyeìcheku": "欠詳",
	"ihnyeñuñu": "欠o軽軽",
	"ihnyeonwe": "欠自",
	"ihnyeonyìnyo": "欠ony殖",
	"ihnyeorri": "欠o概",
	"ihnyeorrirri": "欠o概概",
	"ihnyenjenje": "欠n敢n敢",
	"ihnyenkiri": "欠n嗅ri",
	"ihnyendu": "偉昼",
	"ihnyenkiti": "欠恒",
	"ihnyenreje": "欠n漸換",
	"ihnyemuoo": "欠霊",
	"ihnyeochi": "欠o効",
	"ihnyeuwa": "欠世",
	"iho": "台錦",
	"ihunaanya": "台見営目",
	"ihunanya": "愛",
	"ijereṃgbe": "願換re慎",
	"ijionwe": "台議自",
	"ijiogu": "台議続",
	"ike": "i呉",
	"ikearra": "i呉乳",
	"ikemanya": "i呉限",
	"ikpa": "雑",
	"ikpakada": "台推環員",
	"ika": "台柵",
	"ikere": "台乙re",
	"ikeji": "台捜毀",
	"iko": "台歯",
	"ilo": "願祉",
	"ilouwa": "台祉世",
	"imauma": "台丸致",
	"inwetaonwe": "台禾怠自",
	"inyaga": "台速火",
	"irriji": "台概毀",
	"itari": "幻",
	"ita": [
		"台樹",
		"紹"
	],
	"ituilu": "台終勧",
	"iwaji": "台胃毀",
	"iyagba": "台勤",
	"iza": "台図",
	"iñaala": "台侵土",
	"o": "撃",
	"obe": "焦",
	"oba": [
		"o懸",
		"械"
	],
	"obara": "話",
	"obarandu": "話艶",
	"obaraobara": "話話",
	"obasi": "大魂",
	"obazìda": "撃貝送係",
	"oba": [
		"抄",
		"甘"
	],
	"obaji": "抄毀",
	"obale": "撃貝浪",
	"obare": "撃貝購",
	"obasara": "o貝憬ra",
	"obaakwukwo": "抄葉",
	"obaìjeri": "撃真早",
	"obandi": "抄挑",
	"obankiri": "抄n嗅",
	"obande": "撃真衡",
	"obibia": "o宇宇",
	"obia": [
		"若",
		"幹",
		"o畳"
	],
	"obiaigwe": "幹亜",
	"obo": [
		"鳥",
		"橋",
		"村",
		"戴",
		"他",
		"痩",
		"蔵",
		"第",
		"o阻"
	],
	"obodo": "o沢",
	"oboaka": "戴稼",
	"oboukwu": "戴扱",
	"obuba": "応",
	"oburu": "棄",
	"ocha": [
		"麗",
		"皇"
	],
	"ochasìṃ": "皇横ṃ",
	"ochandu": "撃差艶",
	"ochạnja": "撃差n献",
	"ochi": "o効",
	"ochichi": "攴",
	"ochicho": [
		"o錦",
		"o要要"
	],
	"ocho": "諾",
	"ochomma": "撃要m煙",
	"ochu": "詣",
	"oda": [
		"o員",
		"旦"
	],
	"odachì": "罪",
	"oda": "奪",
	"odida": "菜",
	"odidaanyaanwu": "o員員目日",
	"odighiihnyeomere": "o延倉欠撃壊re",
	"odighiihnyeobu": "o延倉欠撃郷",
	"odiegwu": "撃延最",
	"odo": [
		"団",
		"薫"
	],
	"odoroncheta": "撃急ron崖怠",
	"odosoebezì": "薫駅麓",
	"odoude": "薫u縦",
	"odomiri": "薫水",
	"odomirinzo": "薫水n窟",
	"odu": [
		"軍",
		"訓",
		"勲"
	],
	"oduzì": "撃対学",
	"oduenyi": "勲関",
	"oduisialanaaba": "訓土営慶",
	"odunka": "勲柵",
	"odum": "郡",
	"ofanaokwu": "撃岐営依",
	"ofo": [
		"唇",
		"o唇"
	],
	"ofoala": "唇加",
	"ofooha": "o唇院",
	"ofufu": "of階",
	"ofufuakwukwo": "of階葉",
	"ofuko": "o触安",
	"ofunaala": "撃階営土",
	"ofunaoko": "撃階営凄",
	"ofusiṃ": "撃階横ṃ",
	"ofutu": "撃触核",
	"ofuza": "o触図",
	"ofuagwa": "撃階綱",
	"ofuedo": "撃階郭",
	"ofuugosìṃ": "撃階充横ṃ",
	"ofuugu": "撃階充",
	"ofuntu": "撃階拠",
	"ofunnwu": "撃階n照",
	"ogba": [
		"o行",
		"材"
	],
	"ogbala": "材la",
	"ogbaohia": "o行林",
	"ogba": "持",
	"ogbagba": [
		"撃左互",
		"撃互互"
	],
	"ogbaghara": "撃契握",
	"ogbaje": "撃互換",
	"ogbako": "持歌",
	"ogbaafa": "撃碁贈",
	"ogbaaja": "撃碁開",
	"ogbaohere": "持料",
	"ogbaochichi": "持攴",
	"ogbauta": "撃箋御",
	"ogbo": [
		"是",
		"合",
		"痴"
	],
	"ogboagha": "是援",
	"ogboahia": "是宜",
	"ogboobodo": "是詠",
	"ogboochu": "是詣",
	"ogboogwa": "痴宫",
	"ogbugbo": [
		"o襲襲",
		"o弧弧",
		"o秀秀"
	],
	"oghom": "o刈m",
	"oghugha": "o硬",
	"ogwa": "宫",
	"ogwaukwu": "宫大",
	"ogwanka": "宫n柵",
	"ogwaogbo": "宫痴",
	"ogwaoka": "宫o柵",
	"ogwauzozì": "宫u窟探",
	"ogwauzozìochie": "宫u窟探o長",
	"ogwo": "撃惧",
	"ogwonya": "撃惧炊",
	"ogwonaokpa": "o招営o戴",
	"ogwozu": "撃惧喉",
	"ogwu": "巻",
	"ogwugwu": "o強強",
	"ogwuego": "巻架",
	"oganaihnyu": "撃火営印",
	"ogaranya": "撃績",
	"ogazi": "太",
	"oganwa": "撃掴子",
	"ogo": "怪",
	"ogodo": "章",
	"ogodoisi": "章簡",
	"ogu": [
		"製",
		"o感",
		"床",
		"召",
		"撃感"
	],
	"ogufu": "o感鏡",
	"ogugu": "控",
	"oguabuo": "製二",
	"oguano": "製四",
	"oguato": "製三",
	"oguegwu": "撃感易",
	"oguìse": "製五",
	"oguuri": "撃感操",
	"ohnyu": "炭",
	"ohnyunsi": "炭n隙",
	"oha": "院",
	"ohachiaku": "院厚圧",
	"ohanaachi": "院朽a司",
	"ohanaedi": "院朽e情",
	"ohanaeze": "院営王",
	"ohanaezebene": "院営王bene",
	"ohanaezenchiohankekongo": "院営王n司院外konngo",
	"ohanaezenkekongo": "院営王外konngo",
	"ohaafia": "院宜",
	"ohanta": "院掘",
	"ohamgbasa": "院碁憬",
	"ohammenaotu": "院m壊営一",
	"ohia": "林",
	"ohu": "撃見",
	"ohuma": "覚",
	"ohumaohuma": "覚覚",
	"ohuuhuu": [
		"o穂穂",
		"撃穂穂"
	],
	"oja": "撃茎",
	"oji": [
		"益",
		"柏",
		"丁"
	],
	"ojianwu": "柏日",
	"ojiìgbo": "益運",
	"ojiugo": "益古",
	"ojoo": "o誇",
	"ojungo": "撃潟船",
	"okpa": [
		"o糾",
		"衝",
		"o戴"
	],
	"okpara": "渇",
	"okpaaku": "撃客圧",
	"okpaakuerrighierri": "撃客圧e概倉e概",
	"okpaakuerrierri": "撃客圧e概e概",
	"okpo": [
		"o街",
		"課",
		"撃憾"
	],
	"okpole": "梗",
	"okpoleaka": "梗稼",
	"okpomoku": "旨",
	"okposi": "o霊",
	"okpoto": "o想",
	"okpotoro": "審",
	"okpoamaghi": "撃憾a丸倉",
	"okponta": "撃憾掘",
	"okpu": [
		"線",
		"賞",
		"牛"
	],
	"okpukpa": "okp飼",
	"okpukpu": "官",
	"okpukpuazu": "官暇",
	"okpurukpu": "賞賞",
	"okpuala": "牛土",
	"okpuekete": "賞e瞬",
	"okpuukwu": "賞扱",
	"okpuuzu": "撃姓打",
	"okwa": [
		"姿",
		"狙"
	],
	"okwasì": "撃餌横",
	"okwaya": "撃遭案",
	"okwancheta": "撃餌n崖怠",
	"okwa": [
		"崎",
		"撃餌"
	],
	"okwakwu": "撃遭鋭",
	"okwakwunaihnyu": "撃遭鋭営印",
	"okwakwuazu": "撃遭鋭暇",
	"okwantu": "撃餌拠",
	"okwampazi": "崎m客送",
	"okwaogwo": "撃禁撃惧",
	"okwiya": "撃遭案",
	"okwo": "撃町",
	"okwobu": "撃町穫",
	"okwonaama": "撃町営源",
	"okwougbo": "撃町欺",
	"okwu": "委",
	"okwuru": "o挑",
	"oka": [
		"撃柵",
		"o柵"
	],
	"okaka": "撃環環",
	"okakiri": "o柵熊",
	"okanyo": "撃柵殖",
	"okara": "ok胃",
	"okaasusu": [
		"o柵喫",
		"撃柵喫"
	],
	"okanzììhu": "o柵n送市",
	"okankume": "撃柵今",
	"okaṃuta": "o柵黄怠",
	"okaulo": "撃柵家",
	"okauta": "撃柵御",
	"oka": [
		"撃柵",
		"揮環k",
		"o林"
	],
	"okata": "o給",
	"okaeze": "撃柵骸",
	"okaìwu": "o器漁",
	"okammuta": "撃柵m黄",
	"okammutachi": "撃柵m黄魂",
	"okammutamadu": "撃柵m黄人",
	"okammutaagbo": "撃柵m黄克",
	"okammutaahundu": "撃柵m黄頑艶",
	"okammutaahunduogba": "撃柵m黄頑艶持",
	"okammutaaka": "撃柵m黄a柵",
	"okammutaakame": "撃柵m黄稼壊",
	"okammutauche": "撃柵m黄虞",
	"okammutaucheebo": "撃柵m黄虞刷",
	"okaiuga": "稼倉如u木",
	"okochi": "慈",
	"okogbo": "o嵐",
	"okoloto": "玩",
	"okoto": "o歯乗",
	"okotoala": "o歯乗土",
	"okoazu": "撃歌街",
	"okooyi": "撃極苛",
	"oku": [
		"o遠",
		"遠",
		"o圧",
		"至"
	],
	"okuko": "撮",
	"okunaokwu": "撃昔営依",
	"okundu": "遠n収",
	"okumuoo": "遠霊",
	"ola": [
		"権",
		"協"
	],
	"olaaka": "権稼",
	"olaedo": "権郭",
	"olaokìrì": "権拘",
	"olaocha": [
		"況",
		"権皇"
	],
	"ola": "o机",
	"olasìṃ": "撃机横ṃ",
	"olifu": "o錮階",
	"olili": "o拶",
	"oloko": "漢",
	"oma": "o祖",
	"omaahia": "o祖宜",
	"omauzo": "撃肩畏",
	"oma": "o肢",
	"omagbauwa": "撃拳互世",
	"omalicha": "撃煙li選",
	"omara": "撃丸ra",
	"omata": "撃丸怠",
	"omazu": "撃丸酵",
	"omaìkpe": "撃隔装",
	"omantu": "撃丸n終",
	"omu": [
		"栽",
		"靴",
		"o今"
	],
	"omugwo": "皆",
	"omuma": "o丸丸",
	"omumaala": "o丸丸土",
	"omumaebe": "o丸丸所",
	"omumaubì": "o丸丸史",
	"omumuonwa": "撃潜潜慰",
	"omurumu": "撃潜r潜",
	"omusì": "撃潜横",
	"omundu": "o今艶",
	"onwa": [
		"撃育",
		"慰"
	],
	"onwaabuo": "慰二",
	"onwaano": "慰四",
	"onwaasaa": "慰七",
	"onwaasato": "慰八",
	"onwaato": "慰三",
	"onwaìri": "慰十",
	"onwaìrinaabuo": "慰十畝二",
	"onwaìrinaotu": "慰十畝一",
	"onwaìse": "慰五",
	"onwaìsii": "慰六",
	"onwaìtoolu": "慰九",
	"onwaigwe": "慰i級",
	"onwaṃbu": "慰顎慰一",
	"onwu": "音",
	"onwuchi": "音魂",
	"onwunwạ": "o色色",
	"onya": "憩",
	"onyaerì": "憩隊",
	"onya": "雅",
	"onyaba": "撃威貝",
	"onyaanyinya": "撃遇緩",
	"onaemuna": "o朽e壊朽",
	"onicha": "撃錮選",
	"onochìe": "撃帰襟e",
	"onochiteanya": "撃帰襟醜目",
	"onochianya": "撃帰襟目",
	"onodu": "残",
	"onoduobì": "残心",
	"onoduuche": "残虞",
	"onodumma": "残m肢",
	"onolaa": "撃帰机a",
	"onu": "口",
	"onuma": "経",
	"onumara": "指",
	"onumarauochichi": "指攴",
	"onunu": "口口",
	"onunuarra": "口口乳",
	"onuabuo": "口二",
	"onuala": "口土",
	"onuahia": "口宜",
	"onueyi": "口卒",
	"onuìgbo": "口運",
	"onuusekwu": "口箇",
	"onunfe": "口n均",
	"onuma": "口氏",
	"onumiri": "口水",
	"onuogugu": "口控",
	"onuuzo": "口畏",
	"ooka": "黍",
	"opia": "剣",
	"ora": "士",
	"ora": "詮",
	"orase": "撃嫁砂",
	"orìamamiri": "渦宅",
	"oruo": "祉達ol",
	"oria": "o渦",
	"oriaocha": "o渦皇",
	"oru": "在",
	"oruu": "o奥",
	"oruubekee": "o奥bekee",
	"oruuchi": "o奥魂",
	"oruujeihnyu": "撃奥敢垣",
	"oruunaobì": "撃奥営心",
	"oruunaotu": "撃奥営一",
	"oruuruu": "o奥奥",
	"oruutaoha": "撃奥怠院",
	"oruuzu": "撃奥酵",
	"oruuzuute": "撃奥酵u醜",
	"oruuobodo": "o奥詠",
	"oruuofo": "o奥惰",
	"oruuubì": "o奥史",
	"oruuugbo": "o奥叫",
	"osafuure": "撃糸階u津",
	"osaotìte": "o糸o儒儒",
	"osiza": "o公公",
	"oso": "夏",
	"osuso": "o霜",
	"osuohia": "撃共林",
	"ota": "撃樹",
	"ota": [
		"森",
		"季"
	],
	"otaakara": "撃涯akara",
	"otanjere": "o浄",
	"otita": "o草草",
	"oto": [
		"o斥",
		"o夕",
		"孔"
	],
	"otobo": "撃乗阻",
	"otoonyoga": "o夕o殖火",
	"otukpa": "彩",
	"otunye": "o核nye",
	"otutu": [
		"o終終",
		"o惜惜"
	],
	"otutuagwa": "o終ru呼",
	"otutuoge": "o終終潰",
	"otuagwa": "o終呼",
	"otuasi": "撃索臆",
	"ovuvu": "o張",
	"owa": [
		"撃胃",
		"撃恵"
	],
	"owama": "o胃拳",
	"owaide": "撃胃i縦",
	"owamiri": "撃胃水",
	"owaala": "撃胃土",
	"owaoyi": "撃胃苛",
	"owugba": "撃寛互",
	"owuwa": "o恵恵",
	"owuwaisi": "o巾巾簡",
	"owuwu": "o恐恐",
	"oyi": "挙",
	"oyiduṃ": "撃接遷",
	"oyiudìya": "撃接骨案",
	"oyimmegbu": "挙m壊恩",
	"ozaje": "撃勾敢",
	"ozara": [
		"宰",
		"親"
	],
	"ozancheta": "撃径n崖怠",
	"ozo": [
		"敬",
		"景",
		"撃窟"
	],
	"ozodimgba": "敬忌苦",
	"ozokwa": "景遭",
	"ozoezeozeze": "撃窟骸",
	"ozuzu": "o慣慣",
	"oisi": "繕簡b",
	"oñumanya": "撃軽限",
	"oḣu": "嘆",
	"oḣuru": "新",
	"uba": "u真",
	"ubara": "u貝ra",
	"ubaaza": "u真淑",
	"ubiaṃ": "郊",
	"ubo": [
		"u唇",
		"u阻",
		"庁"
	],
	"ubochi": "凌",
	"ubochida": "凌係",
	"ubochinya": "凌脅",
	"ubu": "u襲",
	"ububo": "u錮阻",
	"uchi": [
		"u司",
		"u襟"
	],
	"uchicha": "憧",
	"uchichi": "刹",
	"uchido": "n司俗",
	"uchiudo": "u司去",
	"uda": [
		"u員",
		"場",
		"校"
	],
	"udaolu": [
		"校狂",
		"校圏"
	],
	"udaume": "校憎",
	"udo": "u急",
	"udu": [
		"u対",
		"ud総"
	],
	"ududo": "彙",
	"uduigwe": "ud総級",
	"ufa": "球",
	"ufa": "u岐",
	"ufo": "u群",
	"ufodu": [
		"u群du",
		"u群対"
	],
	"ufu": "u汗",
	"ufufu": "uf階u",
	"ufuru": "u階ru",
	"ugba": "u左",
	"ugbada": "頂",
	"ugba": "u仙",
	"ugbanaonwe": "u互営自",
	"ugbasa": "u碁憬",
	"ugbasi": "u鶏si",
	"ugbaakpu": "u契升",
	"ugbo": "欺",
	"ugboala": "欺土",
	"ugboelu": "欺上",
	"ugboosisi": "欺木",
	"ugbomiri": "欺水",
	"ugboogba": "欺材",
	"ugboogbamgbo": "欺材脂",
	"ugha": "u伸",
	"ughaghara": "u伸伸ra",
	"ugho": "u刈",
	"ugwa": "桁",
	"ugwo": "刊",
	"ugwoazuulo": "刊a凹家",
	"ugwooruu": "刊o奥",
	"ugwoulo": "刊家",
	"ugwu": [
		"哀",
		"u錮"
	],
	"ugwuawusa": "哀awusa",
	"ugwuanya": "u錮目",
	"ugwunchara": "哀少",
	"ugwuoku": "哀遠",
	"uga": [
		"u木",
		"親序"
	],
	"uga": "u掴",
	"uganwebatu": "u掴n各貝額",
	"ugu": "u殉",
	"uguru": "擦",
	"uha": [
		"措",
		"咲"
	],
	"uhazi": "u奏向",
	"uhi": "u滋",
	"ujo": "u誇",
	"ukpara": "婚",
	"ukpa": "墾",
	"ukpo": "u極",
	"ukpole": "u梗",
	"ukpu": "u姓",
	"ukpuru": "泣",
	"ukwa": "検",
	"ukwara": "u堅ra",
	"ukwo": "u町",
	"ukwoelu": "u町上",
	"ukwoozu": "u町俺",
	"ukwu": "扱",
	"uka": [
		"頃",
		"粧"
	],
	"ukabuilu": "u器郷勧",
	"ukaruu": "u柵奥",
	"uko": [
		"u揮",
		"u掠"
	],
	"ukoazu": "u揮暇",
	"ula": "u机",
	"ulaiyi": "u机過",
	"ulauche": "u机虞",
	"ulo": [
		"制",
		"家"
	],
	"uloaha": "家a挫",
	"uloakanya": "家a沖",
	"uloaza": "家淑",
	"uloahia": "家宜",
	"uloakwukwo": "家葉",
	"uloimi": "u鐘臭",
	"uloobibi": "家o剁剁",
	"uloukwueze": "家大王",
	"uloute": "家悪",
	"ulonga": "家逸",
	"ulomgbidi": "家刺",
	"uloogwu": "家巻",
	"ulooruu": "家o奥",
	"ulouka": "家uka",
	"ulu": [
		"拭",
		"奨"
	],
	"uluada": "奨割",
	"ulumma": "奨m煙",
	"uluokpara": "奨渇",
	"ume": "動",
	"umedaa": "動係",
	"umejoagwa": "u壊誇呼",
	"umejoebo": "u壊誇刷",
	"umenauyi": "動営u接",
	"umeala": "動土",
	"umeohere": "動料",
	"umeobìoha": "動心院",
	"umenzo": "動n窟",
	"uma": "u肩",
	"umara": "虫",
	"umata": "u丸怠",
	"uma": [
		"弔",
		"致",
		"甚",
		"暖",
		"池"
	],
	"umatara": "u丸怠ra",
	"umato": "u健夕",
	"umazì": "u拳送",
	"umaokwa": "u健狙",
	"umauma": "u件甚",
	"umi": [
		"u尊",
		"u試",
		"水琴"
	],
	"umu": "供",
	"umunwanwaoke": "供子男",
	"umunwanenwaạnyi": "供子女",
	"umunaede": "供畝昨",
	"umuahia": "供宜",
	"umuahuuhuu": "供蛆",
	"umuaka": "休",
	"umuazi": "供a遺",
	"umuejìma": "供倹",
	"umuoke": "供鼠",
	"umuna": "統",
	"umunzu": "供滞",
	"umuihnye": "供欠",
	"umuonwa": "供慰",
	"umuumu": "供供",
	"unwạ": "u色",
	"unwu": "unw題",
	"unya": "u遇",
	"unyaahu": "u脅吟",
	"unyaka": "u威ka",
	"unyasì": "u威横",
	"unyeba": "u角貝",
	"unyinya": "unyi遇",
	"una": "礎",
	"unanya": "礎脅",
	"unobì": "u帰剁",
	"unodi": "u帰延",
	"ununo": "u帰帰",
	"upa": "交",
	"ura": "u鎌",
	"urioṃ": "u休",
	"uro": "制",
	"uru": "u億",
	"uruala": "u億土",
	"usa": "庶",
	"usara": "u公ra",
	"usa": "u憬",
	"usaala": "u憬土",
	"usu": "局均",
	"utaba": "説",
	"utara": [
		"u涯ra",
		"u猿"
	],
	"utaraji": "u猿毀",
	"utaraakpu": "u猿小",
	"utaraooka": "u猿黍",
	"uta": [
		"御",
		"u樹",
		"許"
	],
	"utu": [
		"即",
		"医",
		"u宵"
	],
	"ututu": "駒",
	"uwa": "世",
	"uwagburugburu": "世壌壌",
	"uwagburu": "世壌",
	"uwaala": "世土",
	"uwazìsìṃ": "u胃送横ṃ",
	"uyo": "u松",
	"uzo": "畏",
	"uzowara": "畏舷",
	"uzoawara": "畏a胃ra",
	"uzoowere": "畏代",
	"uzoochie": "u窟o長",
	"uzookporo": "畏寺",
	"uzu": [
		"損",
		"打",
		"旗"
	],
	"uñaala": "u侵土",
	"僅征": "僅征",
	"収nkì": "縄",
	"怠mpita": "m済",
	"水ìjumiri": "ì埋",
	"貝制": "a"
}